Sample_ID,Cancer_Type,Label,BRCA1,BRCA2,ERBB2,ESR1,PGR,GATA3,FOXA1,EGFR,KRAS,ALK,MET,ROS1,STK11,KEAP1,BRAF,TP53,PIK3CA,MYC,PTEN,CDK1,UHRF1,HMMR,CEP55,ASPM,RAD51AP1,DLGAP5,KIF11,PBK,HMGB2,CDKN2A,SMAD4,RB1,ATM,APC,VHL,RET,CTNNB1,FGFR1,FGFR2,FGFR3,NOTCH1,JAK2,STAT3,MTOR,AKT1,CCND1,CDK4,CDK6,MDM2,BCL2
TCGA-NORM-001,Normal,0,5.1563,6.1687,5.5583,5.1816,3.6779,4.0193,3.9205,6.3813,5.4771,4.7644,4.1911,5.9605,5.5268,4.7424,4.864,4.8226,4.2917,5.0153,5.0993,5.0797,5.1304,4.2233,4.1449,4.2677,5.369,6.3377,4.4069,5.5829,5.466,3.8119,5.4992,5.0673,4.127,6.7916,4.9455,6.1483,4.7093,4.0803,5.5466,4.0739,4.1696,5.2501,4.7407,5.7673,4.2055,5.2318,5.0977,5.2921,4.9644,4.6377
TCGA-NORM-002,Normal,0,4.8677,6.5275,5.2945,5.1696,4.1668,3.6846,4.261,6.0231,5.3248,5.4522,3.4084,5.9445,5.6772,4.1061,4.3274,4.5853,5.5181,5.233,5.0662,4.6072,4.4826,4.295,4.6698,5.9145,4.9168,5.8631,4.4237,4.6054,5.8176,4.4406,5.6926,3.9659,4.7744,5.4567,6.3885,6.7642,4.2244,3.96,5.5502,4.7418,3.5707,5.1202,3.5976,6.2136,4.1556,6.155,4.3333,4.9992,5.5688,3.8528
TCGA-NORM-003,Normal,0,4.9263,6.6798,4.887,5.4001,4.4602,4.695,3.5712,5.3114,5.5573,5.6914,4.158,6.2897,5.5254,4.5717,4.5319,4.082,5.5089,5.3677,4.4142,4.9362,4.9075,4.6611,5.1641,4.4367,5.4369,5.9131,4.8092,5.9849,5.1929,3.763,4.9363,4.008,4.1084,6.2411,6.2489,6.1507,4.676,4.869,5.3862,6.1924,4.55,4.7037,3.5938,6.2176,4.4688,5.7788,4.8987,5.1114,4.8217,3.725
TCGA-NORM-004,Normal,0,4.6231,6.477,5.7067,4.7565,4.4212,4.5166,3.73,5.9748,5.3486,5.0434,4.2063,6.3862,6.3187,4.9414,3.7801,3.9815,4.9011,5.3857,5.1821,6.3744,5.603,4.8179,5.072,5.0991,4.8615,6.0689,4.0915,5.0247,5.0849,4.139,6.3782,3.5349,4.4519,5.3618,5.912,6.2685,4.6991,3.7299,5.1834,5.2742,3.9398,5.1868,4.0962,5.7073,5.5341,5.7428,3.7745,5.2281,4.905,4.7903
TCGA-NORM-005,Normal,0,4.4674,6.0399,5.8376,5.7066,3.8031,4.1927,3.9141,5.6116,6.1169,5.74,3.4779,6.5468,6.7863,4.9318,3.7163,4.1856,5.2394,4.836,5.15,4.9893,4.929,4.2801,3.1841,4.345,4.8897,5.1659,5.1739,4.4878,5.1053,4.161,5.9852,3.729,4.6665,6.0922,5.6827,5.9864,4.7597,3.9448,5.5367,4.7949,4.3196,5.3873,4.7894,5.4435,5.5292,4.5791,4.6175,5.4089,5.3292,4.1265
TCGA-NORM-006,Normal,0,4.7303,5.8697,5.3452,5.6994,4.5039,4.0314,4.5326,6.0439,5.6882,5.8411,3.6722,5.8817,6.1677,4.7418,4.3906,4.4563,5.2443,4.8883,5.1965,4.5497,5.2481,4.8013,5.0142,5.1721,5.5908,5.7368,4.7462,4.9917,5.4492,4.0436,5.3802,4.643,3.7749,7.0291,5.6717,5.2321,5.1913,4.5711,5.7862,5.2511,4.263,4.6856,4.1098,5.6958,5.0081,5.3914,4.3143,4.9995,5.3886,4.153
TCGA-NORM-007,Normal,0,4.454,6.2012,5.7206,5.0889,4.1313,4.4476,3.4761,5.2722,4.9992,5.4617,4.1852,6.7977,6.2173,4.3952,4.3915,3.9524,4.661,5.0246,5.0955,4.2685,5.5798,4.9966,4.5938,4.9868,5.3139,5.5468,4.5401,5.137,5.3473,3.7543,5.3476,4.5993,4.7961,6.5192,7.0933,5.4332,5.0627,4.2974,6.4907,4.6046,3.8906,4.8197,3.1199,5.7639,4.2277,5.5252,4.8396,5.9884,5.6305,4.1471
TCGA-NORM-008,Normal,0,4.4197,6.3129,5.0163,6.1412,4.874,4.1321,3.3569,6.5148,5.2709,6.1148,3.3278,5.8641,5.8337,4.4883,4.1975,4.6838,4.1889,5.0904,5.0044,4.8722,5.6663,3.8008,3.9524,5.381,5.1529,5.3906,5.1373,5.1834,5.834,4.1326,6.2639,5.1651,4.0311,6.5248,6.4148,6.3944,4.2359,4.5236,5.9816,4.1769,3.736,4.1717,3.9544,6.3234,5.2454,5.4909,5.4186,4.5231,4.4362,4.3817
TCGA-NORM-009,Normal,0,4.9968,6.0769,4.68,5.2769,3.7562,4.6445,4.2928,5.4826,5.0912,5.0811,4.0171,6.5636,5.3878,4.694,4.1614,4.0467,4.6212,4.6886,4.7011,4.1017,6.2302,4.3228,4.3278,4.9023,4.9528,5.628,4.7157,5.4722,5.0646,3.8431,5.2128,3.3393,3.4613,6.7026,6.8646,5.6664,4.9296,4.3549,6.8908,5.4721,4.2109,4.6594,3.3528,6.0921,4.229,4.8175,4.3948,4.6575,5.962,4.8034
TCGA-NORM-010,Normal,0,4.8204,6.7575,5.6452,4.9295,5.0286,4.5857,3.661,5.8199,4.9284,4.9355,4.4621,6.993,5.202,4.7205,4.1072,4.1843,4.4028,4.7657,4.9721,4.2668,5.4678,4.2843,4.5352,4.3976,4.7438,6.0673,4.6647,4.6914,5.348,4.4403,4.5854,4.6197,3.8449,6.3443,5.7809,4.9663,3.9378,4.2365,5.6222,4.5614,4.5559,4.3417,4.0459,5.4555,4.276,5.4789,4.2986,4.9711,5.6556,4.1471
TCGA-NORM-011,Normal,0,5.2,5.5832,5.8488,5.9658,3.231,3.9846,4.3875,5.8142,5.4895,5.286,4.0843,6.0637,6.3569,4.5816,4.5519,4.2181,4.4499,4.9598,5.1278,4.4513,5.4765,5.2408,5.0347,4.6593,5.5439,5.5438,3.5221,4.6777,4.4615,3.944,5.3449,5.1295,4.2902,5.989,6.4976,4.7835,4.7762,4.5618,4.8399,5.483,4.4208,4.9025,4.3604,7.0223,4.6512,5.5692,4.4791,4.7617,5.5764,4.0214
TCGA-NORM-012,Normal,0,4.8562,5.8766,5.8259,5.4672,4.8101,4.1137,4.0063,5.4651,5.1225,5.7275,4.3859,5.7188,6.2227,5.0772,4.5861,5.248,4.3211,4.5944,4.1499,5.3139,5.6405,4.2819,4.7687,4.2995,6.1039,5.7855,4.4885,5.4579,5.5198,4.2029,4.9809,4.5873,4.99,6.693,6.8413,5.5484,4.2248,4.1583,5.5304,5.4607,3.5069,5.7777,4.0046,5.8084,4.1139,4.7129,5.0562,5.1771,4.6223,3.8239
TCGA-NORM-013,Normal,0,4.6729,6.8426,5.4936,4.6406,4.2327,4.2205,2.9142,5.8812,5.2185,5.8711,4.8773,6.6408,5.7104,3.9692,5.558,4.4301,4.6756,5.1436,5.0394,4.5757,5.0879,4.0608,4.628,4.5615,4.6826,5.7753,4.3245,5.8081,4.1104,4.5934,5.8973,3.4421,3.9889,5.9204,5.491,5.4285,4.1704,5.0034,5.9264,5.5405,4.5932,4.5813,3.8396,6.2207,4.0194,5.7784,4.5776,4.9755,5.5227,4.6066
TCGA-NORM-014,Normal,0,4.6616,6.6133,5.1239,5.5942,4.6101,4.2039,4.2745,5.3426,5.7383,5.4746,3.8101,6.6059,5.5144,3.8333,3.6995,4.6762,4.0931,5.9441,4.0134,5.4041,5.441,4.2634,4.3975,4.9856,4.9864,6.2239,4.4907,5.199,5.1397,4.0766,5.4751,3.6056,3.5364,6.422,6.2013,5.6957,4.6784,4.3713,5.2624,4.6181,4.3566,4.6491,4.2594,5.2343,5.0324,5.6702,4.801,5.5864,5.9522,4.8631
TCGA-NORM-015,Normal,0,3.9956,5.5158,5.3292,5.3288,4.5762,4.0166,4.2118,5.5657,5.0473,4.9248,3.6298,5.5255,5.3922,4.9413,3.9728,5.5881,4.8913,5.2376,4.564,4.9558,5.087,4.3618,5.7948,4.7628,5.5205,5.411,4.4235,5.9282,5.0212,4.9178,5.6551,4.122,4.4277,6.5252,6.4042,5.0719,4.3429,4.1035,5.4718,5.2476,4.3484,4.4885,4.2467,6.2753,4.8212,5.9439,5.061,5.3508,5.1712,3.6592
TCGA-NORM-016,Normal,0,5.0173,6.185,5.7326,4.7425,3.8568,4.8171,4.11,6.2123,5.3352,5.5711,4.4675,5.9016,5.8746,4.2591,4.2045,4.2644,4.7693,4.939,5.5154,4.2381,5.262,4.109,5.2939,4.8944,5.4677,5.0589,4.5595,5.5316,5.3403,4.5817,5.1038,5.0094,5.1776,5.9243,5.9239,6.4325,5.381,3.9796,5.3162,4.8415,3.6635,4.676,3.6238,5.655,4.5537,5.5629,5.3835,4.6949,5.6457,4.3104
TCGA-NORM-017,Normal,0,4.8017,6.3952,5.1052,5.4891,4.4181,4.5648,4.2579,7.0105,5.0355,5.3188,3.7649,5.8838,5.5445,5.0022,5.0392,4.1467,4.2948,5.3666,4.7018,4.9255,5.4374,3.6248,5.3391,5.6141,4.7276,5.5529,4.5679,5.2818,5.5997,5.0068,5.257,4.0159,3.5224,5.7586,6.1095,6.586,4.4372,4.3156,5.4979,5.5031,5.4056,4.8505,3.8554,6.4704,4.8762,6.2886,4.9485,4.9825,5.4686,4.9056
TCGA-NORM-018,Normal,0,5.1932,6.3198,6.0904,5.8432,4.9652,4.6351,4.0526,5.9716,5.8654,5.1901,4.2112,5.9568,5.8443,5.0424,4.486,4.4244,4.0574,5.4903,5.2407,5.6142,5.2076,4.4055,4.7549,5.5159,4.9605,5.8529,4.7128,5.2153,5.1024,4.1895,5.8197,3.9132,4.2029,5.7725,6.6622,5.093,4.4186,4.3846,6.2098,4.9387,4.0186,5.9359,3.424,5.011,4.7673,5.2316,4.2262,5.4629,5.3125,4.1528
TCGA-NORM-019,Normal,0,4.2479,6.4842,5.903,5.2724,5.1742,3.8616,3.4413,5.5942,5.3019,5.6673,3.9367,6.2922,5.2682,5.1168,4.363,4.9063,4.8236,5.36,5.2067,4.8422,5.6353,4.905,4.7312,5.125,4.963,6.3754,4.1349,5.9417,5.2852,3.4583,5.3942,4.0687,4.5214,5.7939,5.9236,4.9282,4.4666,3.1241,4.7926,5.3105,4.6221,5.2808,3.6405,5.979,4.5677,4.9363,5.3623,5.539,5.1033,4.4188
TCGA-NORM-020,Normal,0,4.9178,5.1728,5.4992,5.0102,3.8925,4.2167,4.9367,6.194,5.0654,5.8154,4.675,6.5499,5.8582,4.176,4.7142,4.5806,5.0722,5.4403,5.4226,4.3998,5.9389,4.3958,5.5766,4.4959,5.7845,5.8164,4.1461,4.9136,5.1592,4.2931,5.5719,4.117,4.1322,7.0516,6.9018,5.9748,4.6873,4.2689,5.7814,4.5081,4.1527,4.3385,4.2553,6.2917,4.3519,6.1658,4.1342,4.4852,5.3038,4.8779
TCGA-NORM-021,Normal,0,5.5818,5.8851,6.0958,5.2997,4.2656,4.7408,4.4213,5.1962,5.9869,6.1788,3.7638,6.3119,6.0537,4.5844,4.1524,4.1013,4.6578,5.6822,5.1949,4.4739,5.6933,3.025,5.1597,4.0231,4.8403,5.2235,3.8567,5.6537,5.0928,4.2581,5.3155,4.5898,4.1777,5.5102,6.5727,5.5563,3.9697,4.0222,6.1807,5.3509,4.1116,4.9322,3.9309,6.935,4.7412,5.6511,5.1494,5.2516,5.0862,4.3183
TCGA-NORM-022,Normal,0,4.7918,6.0748,5.9378,5.3404,4.6729,4.3069,4.1632,5.0064,5.7348,5.7137,4.4944,4.8305,6.7711,4.4043,4.8987,3.9355,4.9451,4.6804,4.6696,5.502,5.2603,4.4047,5.0342,5.0291,5.071,5.8916,5.5208,5.1054,5.3938,4.575,5.8341,4.9093,4.4305,5.5732,6.8594,5.2626,4.8063,3.8755,5.4765,5.1163,4.4131,5.2793,4.8018,6.2046,4.4594,5.8914,5.221,4.5917,5.4716,4.7222
TCGA-NORM-023,Normal,0,4.6901,6.7106,5.5429,5.3736,4.2654,4.3502,3.6345,5.2576,6.04,5.1766,3.5992,5.1648,5.5438,3.8718,5.1389,4.8579,4.3597,6.1681,5.3921,4.4945,4.2213,5.3378,4.0174,4.0656,5.4635,6.8253,5.0622,5.3851,5.571,4.4862,5.6781,4.5017,4.19,6.0594,5.7851,5.6522,3.9083,4.1706,5.0604,4.4717,4.3494,5.7158,4.4889,5.2938,4.124,5.8809,4.2436,5.0431,5.4503,3.9709
TCGA-NORM-024,Normal,0,4.8714,5.4913,5.3398,5.461,3.6264,4.5414,4.1189,6.1542,5.4232,6.1716,4.1016,5.9406,5.8864,4.7116,4.422,4.4218,4.3534,4.8562,4.3191,5.428,4.7863,3.9951,4.3194,5.2087,4.8706,6.2889,4.1362,5.2569,4.9274,5.0675,4.8022,4.5146,4.4283,6.2738,6.041,5.7201,4.6899,4.1487,5.9391,5.9631,4.0176,4.473,4.0359,7.1614,4.2077,6.1952,5.4407,4.895,5.4588,5.1395
TCGA-NORM-025,Normal,0,4.6534,6.0,5.3486,4.8604,4.0511,3.7924,4.1431,5.5591,5.4277,4.8576,4.1942,6.5089,4.9342,4.6355,4.9525,3.8592,5.422,5.343,4.633,4.6156,5.5973,4.3411,4.8852,4.3917,5.0796,5.0912,4.3892,4.7246,4.9723,4.6584,5.8277,4.6493,3.6516,5.9452,6.6703,5.8422,5.7138,4.3919,5.5917,4.8292,4.3286,5.0208,4.3943,6.431,4.2156,4.8585,3.8595,5.3727,4.7062,3.4379
TCGA-NORM-026,Normal,0,4.9988,7.2134,5.6077,5.6944,4.3801,4.2987,4.5414,5.775,5.4428,5.7025,3.7446,6.5802,5.7526,4.1271,4.6414,3.9992,4.682,5.1504,5.4389,4.8543,5.3348,4.6749,5.2683,5.057,5.008,5.1371,3.96,4.994,5.029,4.0181,5.3621,4.6135,4.1114,6.3065,6.1534,4.8895,4.2474,4.15,4.961,5.2383,4.9573,5.6378,3.9796,6.6713,4.6362,5.3059,4.4097,5.008,5.0281,4.4834
TCGA-NORM-027,Normal,0,4.8962,6.0929,5.807,5.8528,4.7705,3.675,2.9785,6.326,4.7074,5.4566,3.5187,5.3229,6.075,4.8088,4.1406,3.2375,4.4235,5.3308,4.2848,4.7232,5.3392,4.5676,4.6965,4.3681,5.5418,5.656,4.427,4.7113,5.1038,3.704,5.2588,5.1454,3.5258,5.3614,6.7864,5.6843,4.3691,4.6828,5.2328,5.79,4.5736,4.8698,5.0464,5.7279,4.9033,5.5922,5.2715,5.8468,5.2172,4.0676
TCGA-NORM-028,Normal,0,5.031,5.7866,6.5164,5.3785,4.1788,4.4263,3.5216,5.4684,5.8626,5.2622,3.5742,6.3753,6.3649,4.7907,4.8482,4.0629,4.0295,5.8301,4.8051,4.5278,5.9438,4.5572,4.8479,5.7802,4.7138,6.1449,4.4649,5.2522,5.9911,4.3307,5.5788,4.8578,3.9789,5.7099,5.6542,4.8936,5.5954,3.7184,5.4057,4.8438,4.4068,5.4565,4.4629,5.7381,4.4941,5.5847,4.5739,5.8675,5.4237,4.7374
TCGA-NORM-029,Normal,0,5.1223,6.6196,5.6918,4.7335,4.5231,4.0501,3.8899,6.1695,5.8797,5.5673,4.1843,6.8998,5.9397,5.6379,4.6545,3.6111,5.0083,5.326,5.5307,4.9436,5.2838,3.756,4.5487,4.4233,4.7421,5.9922,5.1907,5.3089,4.7652,4.3023,5.8751,4.1008,4.0828,6.0942,5.7712,6.0702,4.6157,4.4037,5.1059,4.7715,4.5936,4.9216,4.8528,5.8207,4.6704,5.8772,4.0475,4.3518,4.5162,4.9748
TCGA-NORM-030,Normal,0,4.5757,7.2428,5.3565,5.4001,5.0372,5.2459,5.0555,6.4494,5.7833,5.8244,4.3955,5.8858,5.4632,4.4656,4.3234,4.1995,4.9827,5.5844,4.9901,5.3056,4.8323,4.2197,4.3201,3.9661,4.9661,5.6726,5.1203,5.4152,4.8424,4.9365,5.8861,4.6371,4.0412,5.6558,5.9569,6.2684,5.5182,4.9093,5.2853,4.4645,4.3319,4.2936,4.2211,5.9341,4.3596,4.7399,4.9169,4.9044,4.6763,3.1142
TCGA-NORM-031,Normal,0,4.8116,6.8891,6.358,5.1114,4.0722,4.5541,3.6785,6.0414,5.6672,6.1099,4.0002,6.0421,5.4363,4.095,4.2981,4.5688,5.0804,4.793,5.622,4.5187,5.3365,3.9706,3.5518,5.2038,5.3349,5.6008,4.4694,5.3635,4.6002,3.8641,5.694,3.8107,4.2752,5.4771,6.3343,5.7624,3.9433,4.739,5.1747,4.6037,4.3587,5.6063,3.6185,6.0283,4.7623,5.7694,4.7652,4.979,4.8303,4.4454
TCGA-NORM-032,Normal,0,4.3415,4.777,5.8068,5.7238,3.2799,3.8888,4.4064,6.8315,5.3318,5.2302,3.963,6.7525,5.5407,4.1075,4.1828,3.9745,4.7245,5.8856,5.0957,4.5271,5.2148,3.6035,5.0401,4.771,4.9221,7.1643,4.5737,4.793,5.1115,4.619,5.3876,3.7279,4.5568,5.7869,6.9674,6.2645,4.4689,4.7913,5.5358,5.3521,4.4866,4.7085,3.7861,6.464,4.4187,5.2759,4.256,5.3348,6.1309,3.9263
TCGA-NORM-033,Normal,0,4.8349,6.7271,5.5745,5.5206,3.8652,4.5359,4.0436,6.3492,5.8568,6.7231,4.3061,6.2804,5.9188,4.3082,4.5523,4.2706,4.7451,5.7474,4.4973,5.1536,5.9388,4.2538,3.6879,4.5325,5.587,5.7171,3.9896,4.9042,5.6816,4.3482,5.2291,4.2101,3.9668,5.6725,6.8513,5.6334,5.2179,4.8995,5.9546,4.7741,4.4502,5.0785,3.669,6.1465,4.0387,5.992,4.4767,5.2347,5.3302,4.2902
TCGA-NORM-034,Normal,0,5.088,5.8779,6.0025,4.7114,4.4001,5.2157,3.6776,5.6006,5.5537,5.6386,4.2031,6.3539,6.117,4.9665,4.5844,4.2949,4.972,6.0094,4.8906,4.2022,5.8443,4.2527,3.665,5.1873,4.7625,5.6866,4.5887,5.217,5.6226,3.9062,5.5675,4.2584,4.4756,6.3645,5.7034,6.2672,4.429,4.5785,5.6706,5.7955,4.1679,4.9322,4.0669,5.8641,4.9293,4.7302,4.2116,4.6636,5.6304,5.1765
TCGA-NORM-035,Normal,0,4.777,6.0156,5.6419,5.8399,3.9259,4.4505,4.5666,6.1311,5.4078,6.0082,2.8288,6.4388,5.537,3.6434,4.6301,5.0216,4.6075,5.5833,5.6758,5.2324,6.0841,4.6408,4.6767,4.0851,4.8926,5.3479,5.4162,5.0522,5.3588,4.3504,5.3562,5.1379,3.8629,6.1751,5.7903,5.1845,4.3949,4.1982,5.3121,4.6567,3.6356,5.052,3.3985,6.3425,4.6064,4.8017,4.5466,4.8057,5.3464,5.0099
TCGA-NORM-036,Normal,0,3.9802,6.1433,5.5383,5.6192,4.4392,4.0048,3.9842,5.5474,5.8067,5.5673,4.9008,6.1065,5.5126,3.786,3.5886,3.6906,4.7895,5.3834,4.2387,5.0435,5.1287,4.3729,5.3682,5.2096,4.8825,5.3264,3.471,4.8077,5.2083,3.658,5.2775,4.4097,4.0419,5.795,6.2003,5.9773,4.1795,4.8498,5.4609,4.9768,4.5872,5.1943,4.5046,6.1297,4.2937,5.6202,4.1711,5.193,5.1878,4.313
TCGA-NORM-037,Normal,0,4.7661,5.2447,5.3635,5.3588,4.4152,3.8807,4.6974,5.5158,5.7587,5.75,3.7545,6.9327,5.2942,4.8808,4.8503,4.1017,5.2959,5.0419,5.0802,4.7578,5.2856,4.6718,4.9998,4.0192,5.5903,4.9793,4.9039,5.6383,4.8124,3.9173,4.839,4.2784,4.0045,6.4384,6.714,6.4065,4.4172,4.1207,4.7478,4.6057,4.7027,5.8164,3.5202,5.7339,4.5574,5.5836,4.3214,5.335,4.9895,4.4002
TCGA-NORM-038,Normal,0,5.0698,6.0945,5.414,5.2677,4.3035,4.1767,4.0113,6.625,5.5749,5.4248,4.3589,5.9836,6.3593,4.6335,4.3517,4.605,3.9624,4.6474,4.413,4.705,6.1257,5.311,4.9298,5.0314,4.1929,5.4832,4.0848,4.8519,5.2276,3.8898,4.4459,4.7117,3.6604,6.1952,7.0577,5.3648,3.5315,4.0862,6.0007,5.8496,3.7152,5.3129,3.8663,5.9528,5.7593,4.7812,4.7999,5.3546,5.6914,4.4508
TCGA-NORM-039,Normal,0,4.9626,5.9153,5.7315,5.1626,4.6229,4.1769,4.2975,5.8924,5.8292,5.5346,3.2474,6.7017,5.4238,4.173,4.132,5.022,3.7083,6.5665,5.4255,4.7412,5.3214,4.4354,4.8772,5.0963,5.2534,5.7677,4.3505,5.0632,5.2156,4.6124,5.6037,3.052,4.4383,6.1752,6.116,5.6036,5.176,4.6413,5.1575,5.1515,3.8312,4.4686,3.7936,6.3886,4.9982,5.6884,5.0121,5.3764,4.9141,4.601
TCGA-NORM-040,Normal,0,5.1842,6.431,6.1454,5.6358,4.5014,4.8248,4.1158,5.5087,5.2491,5.2226,3.7415,6.0688,5.4748,4.3286,3.5479,4.4995,4.6699,4.7868,5.2469,5.0626,4.6227,3.9637,4.2966,4.383,5.3766,5.6402,4.3203,4.2296,5.5893,3.5445,5.3636,4.5,4.7554,5.4986,4.7656,5.8612,5.4804,4.7724,5.5997,4.7471,4.6317,4.6513,4.29,6.228,5.0464,6.6994,4.8624,4.9151,5.1913,3.6106
TCGA-NORM-041,Normal,0,4.5114,5.9074,5.3745,5.3856,3.9732,4.8477,4.1279,5.9014,5.1749,5.6276,4.4166,5.7436,5.5352,4.3305,3.7944,4.0348,4.455,5.5479,5.0684,4.7278,5.729,4.2451,4.8184,4.7595,5.1228,5.4651,3.3418,5.0709,5.9435,4.519,5.771,4.9314,4.183,6.1763,5.8464,5.6362,4.9472,4.7566,5.4426,4.7658,4.2687,5.3599,3.4259,4.9672,4.3216,4.9082,4.4571,5.0776,4.9988,5.0603
TCGA-NORM-042,Normal,0,4.971,6.2268,5.8904,4.8046,4.8108,4.3091,4.4295,5.4233,4.6233,5.9258,4.2147,5.7279,5.44,4.9736,3.8648,5.1427,4.2641,5.4417,4.8024,4.9121,5.1012,4.2336,4.6611,4.355,5.3367,5.4964,4.3364,4.6839,4.1503,4.0162,6.4223,4.7282,4.1344,5.9692,6.1345,6.0247,4.1388,4.7163,5.8272,5.2915,4.4658,5.0982,4.3784,6.2668,4.41,5.1994,4.7316,5.8412,4.6452,3.7463
TCGA-NORM-043,Normal,0,4.8981,6.1145,5.6884,5.4268,4.2428,5.0136,3.4074,5.5328,5.276,4.8183,3.9662,6.8815,5.8408,4.571,3.8329,4.1261,4.5005,5.0115,5.527,4.8917,4.8459,4.4178,4.8669,5.3191,5.7146,5.2706,4.0744,4.5654,5.198,4.3121,5.7809,4.341,3.9992,6.1558,5.7486,6.7188,3.9467,4.298,6.4159,4.9714,4.183,4.9285,3.9945,6.6183,3.574,6.1476,4.045,5.0242,5.0096,4.6715
TCGA-NORM-044,Normal,0,4.1048,6.2995,6.5213,4.7036,4.4286,4.0453,4.3194,5.9142,5.0338,5.7773,4.8572,6.0479,6.1553,3.8852,3.9696,4.6161,5.3372,5.3145,4.8094,4.6404,4.7834,4.5789,5.0398,4.6026,4.7918,5.847,4.2428,5.1016,6.2482,3.991,5.1753,4.0838,4.478,6.006,5.8322,6.3731,5.309,3.9447,4.6654,5.4217,3.9604,5.4452,3.1891,6.4022,4.0243,5.7864,4.6922,4.7149,5.0196,4.7155
TCGA-NORM-045,Normal,0,4.8716,6.3546,6.4998,4.6131,5.071,4.3901,3.7233,5.3069,5.2373,5.9725,3.9879,6.8138,5.1783,4.4617,3.8364,4.5671,5.0684,4.9651,3.7784,4.7302,5.5426,4.4888,5.1988,4.324,5.3095,6.264,3.6389,5.2752,5.0764,4.0655,5.4931,4.1559,3.839,6.1029,5.6351,5.2899,4.9759,3.6979,5.8052,5.1765,3.4919,4.7845,4.613,5.559,4.3603,5.6655,5.0383,5.031,4.9339,5.0467
TCGA-NORM-046,Normal,0,5.6065,6.5321,5.6488,4.9533,3.9695,4.5783,4.3161,6.5363,5.6152,4.8814,4.5187,5.6847,5.6586,4.5797,5.2981,5.803,4.9424,5.072,5.1908,5.0401,5.2018,5.1147,4.7463,5.03,5.303,5.9171,4.8168,4.8536,5.0521,3.6071,5.5344,4.7257,4.3491,6.8411,6.1219,6.0794,4.1789,4.0407,5.8183,5.3504,4.1362,5.0572,3.3926,5.8398,4.97,5.7164,4.9111,5.1665,5.2059,4.1095
TCGA-NORM-047,Normal,0,5.1385,6.281,5.8318,5.0803,3.3742,4.8369,3.9123,5.5173,5.6345,5.3814,4.5223,6.4115,6.139,3.8525,4.9454,4.5211,4.5032,5.219,4.151,4.8246,4.8829,3.6982,3.9577,5.3067,4.7202,6.4176,4.1982,4.363,4.8009,4.6583,5.2664,4.1284,4.2151,6.3134,6.6272,6.4303,4.5083,3.6182,5.3193,5.0855,3.8348,4.6587,4.2304,5.9786,4.5841,5.1162,4.5821,4.7282,5.6034,4.8725
TCGA-NORM-048,Normal,0,3.9932,5.6733,4.9369,5.0245,4.3057,3.6908,3.7129,5.4538,5.4157,5.589,3.7205,6.2134,5.5854,4.3449,5.1531,5.0067,4.0845,5.5278,5.3154,4.124,5.7145,4.999,4.1376,4.3931,5.4613,5.8496,4.6874,5.2846,5.4791,3.5053,5.8079,4.9015,4.0399,6.068,5.4354,6.0099,4.9276,4.1869,6.0113,4.818,4.5226,4.6305,4.0651,5.922,4.6707,5.2913,4.6266,5.5159,5.0062,3.6837
TCGA-NORM-049,Normal,0,5.6113,6.7132,5.0289,5.6274,4.1169,4.4618,4.2602,5.8001,4.9698,5.247,3.633,5.7595,5.8011,4.1451,4.7069,5.0728,4.4083,5.2622,5.1751,4.8531,5.3803,4.6411,4.8597,4.249,5.3945,6.1267,4.0958,5.1484,5.6108,4.008,5.8194,5.4389,3.7894,5.4661,6.2611,6.1032,4.5663,4.8688,4.9029,5.2801,3.9958,5.8631,4.9723,5.6555,4.322,5.8444,4.5116,5.1237,5.2142,3.5428
TCGA-NORM-050,Normal,0,4.8178,5.7812,5.3885,5.9667,3.7778,4.7091,4.0023,5.7797,5.6781,5.7108,4.3021,6.5695,5.6823,4.1916,3.9117,4.0321,5.9964,5.7146,4.3423,4.0456,5.5629,4.5532,4.8897,4.6913,4.9469,5.8749,4.4779,4.1326,5.1999,3.7191,5.4154,5.7185,4.3085,5.9465,6.5392,5.9957,4.8592,4.488,6.4308,4.4594,4.4816,4.6725,4.3256,5.5871,4.3815,5.3248,5.1249,5.5575,4.6422,4.4314
TCGA-NORM-051,Normal,0,4.5047,5.5252,5.5127,5.1782,5.4353,4.538,3.5079,5.6514,5.7821,6.4976,3.3316,5.2878,6.6733,4.6425,4.0093,4.6441,3.4832,5.156,5.0978,5.0566,4.8898,4.3454,4.2263,4.9209,4.6004,5.5437,3.9912,5.4243,5.6896,3.9966,5.3538,3.7233,4.0083,6.065,7.3037,5.2781,5.329,4.6635,5.6316,5.7597,4.4359,5.2645,4.0518,6.5511,5.0627,5.176,4.0921,5.0528,4.8427,4.3781
TCGA-NORM-052,Normal,0,5.3808,5.8858,5.5911,5.3432,4.725,3.3321,3.8548,6.0007,5.8625,5.3364,3.2008,6.4127,5.5455,3.9318,4.1191,4.3205,4.3972,4.162,5.354,5.2144,5.6393,3.7949,4.552,4.8031,5.2728,6.0281,4.1089,5.1682,5.5091,4.7573,5.6536,4.7302,4.1808,6.7223,6.3088,5.391,5.3017,4.5289,5.3059,4.7526,4.4019,5.2978,4.1644,6.1406,5.3343,5.9397,4.7716,5.5677,4.7381,4.5857
TCGA-NORM-053,Normal,0,5.6382,5.9935,5.229,5.0236,3.8529,3.99,3.9611,5.2731,5.3295,5.9638,3.6368,6.8175,6.0612,4.9309,4.104,4.788,4.178,5.5551,5.0276,4.8897,4.8171,3.9041,4.9115,4.3792,5.2118,5.1122,4.821,4.5767,5.5518,4.3837,5.0231,4.6371,4.2603,5.8451,5.6705,4.8953,4.8275,3.5107,5.5482,4.8498,4.5741,4.9535,3.9274,6.3298,4.7201,5.5998,4.8969,4.4531,5.5433,4.6823
TCGA-NORM-054,Normal,0,4.3665,5.9817,5.5927,5.2565,4.4935,4.9873,4.6146,5.3151,5.6024,6.1558,4.2193,6.6247,6.7369,4.9278,4.5122,4.8738,4.7345,5.1652,4.7921,5.3442,4.9778,4.9965,4.8677,4.1763,5.1688,4.7824,4.7208,5.5297,5.0368,4.1578,6.216,4.1476,3.6666,6.7543,7.0076,5.7801,5.1253,4.8185,5.1712,4.7499,4.8224,5.8476,4.329,5.6046,5.4635,5.2186,4.535,5.2982,5.9021,4.791
TCGA-NORM-055,Normal,0,5.0107,6.3001,5.63,5.5682,3.2049,4.2097,4.2364,5.3876,5.4963,5.4657,4.8352,6.8417,5.6218,4.3993,4.3667,4.2002,4.7571,4.8132,4.4415,4.9209,5.6294,3.9449,5.0456,4.5218,5.1173,6.0965,4.4242,5.3359,5.0709,4.0138,5.244,4.0392,4.0636,5.3907,5.9034,5.6503,4.5549,4.1062,5.4775,5.1841,4.662,4.797,3.5342,5.5316,4.3501,5.2992,4.3393,4.5609,4.9975,4.4883
TCGA-NORM-056,Normal,0,5.0918,5.8407,5.4245,4.9,4.3291,3.9614,4.3857,5.1019,5.1606,5.6933,4.128,7.3457,5.9888,4.0153,4.3571,3.6042,4.6331,4.7796,5.3622,4.3934,5.2935,4.0209,5.4252,4.6614,5.828,6.0938,4.6562,5.2972,5.4805,3.2347,5.2111,4.7555,4.1211,5.4552,6.1008,6.5453,5.2313,4.187,5.9335,4.8034,3.5017,4.6734,4.779,5.8772,4.4598,5.3226,5.5426,5.8758,6.2012,4.3351
TCGA-NORM-057,Normal,0,4.957,5.4091,6.275,4.7915,4.4408,3.8494,3.8628,5.5288,5.0489,5.3152,3.7986,6.5088,5.3342,4.5664,4.9481,4.1726,4.3463,5.0507,5.4812,4.7281,5.107,4.5246,4.1467,5.1126,5.1872,5.5889,4.0619,4.7323,5.544,4.6552,5.0498,4.5814,3.204,5.8245,6.1104,5.3691,4.2487,3.9144,5.6368,4.884,3.2613,4.1351,3.8026,6.2065,3.3329,5.2327,4.449,5.7689,5.0295,4.579
TCGA-NORM-058,Normal,0,4.8876,5.1328,5.9561,5.414,4.572,6.11,3.1899,6.6817,5.1931,5.6871,4.0248,5.9429,5.5749,4.6154,3.7173,4.7413,4.482,4.6459,4.7478,5.2064,5.1052,4.4682,4.3138,5.1471,5.3118,6.5593,4.3603,5.4322,5.3474,4.6853,5.0131,4.7104,4.0555,6.0587,6.1657,5.892,4.6178,4.3115,6.2155,5.4118,4.6596,4.8844,3.6755,6.4304,4.9635,6.1203,4.414,5.0409,4.465,4.2301
TCGA-NORM-059,Normal,0,5.2724,5.8816,5.8986,5.2313,4.4891,3.8267,4.1661,4.5596,5.2383,4.824,4.588,6.4836,6.0414,5.1516,3.973,5.1898,5.0888,5.048,5.4613,4.1429,4.975,4.033,4.4047,4.3305,5.5537,5.6109,4.5979,4.8747,4.484,4.2237,4.4761,4.3443,3.5274,6.9818,6.5345,5.8261,5.2388,3.834,5.7499,5.0583,4.3873,5.6619,4.4053,6.1304,3.8246,5.0255,4.6305,5.1862,4.6942,5.4919
TCGA-NORM-060,Normal,0,5.5064,6.3625,5.6428,5.2216,3.9149,4.3781,4.2438,5.3468,5.4728,5.4879,3.1868,5.7466,5.6453,5.3166,4.6505,3.8025,4.888,4.4582,5.4375,4.4287,5.3039,4.9035,4.0635,4.1773,4.7407,6.1947,3.7556,3.8568,5.1003,4.3505,5.8767,4.1667,3.958,6.6068,5.283,5.6036,4.7558,4.417,5.2759,4.9838,3.1487,4.7932,4.2797,5.5585,4.5959,5.6586,4.5316,5.2209,4.7695,4.3137
TCGA-NORM-061,Normal,0,5.0986,6.1622,5.3464,5.4179,4.6648,3.4207,4.6494,5.7543,5.5139,6.0965,3.428,5.8146,5.7015,4.1145,5.1807,4.0179,4.4193,5.2464,4.4093,4.4626,5.4889,4.1571,4.6007,4.5678,4.3218,5.8721,5.229,5.1396,5.4047,4.4139,4.7654,5.1413,4.2342,6.8219,5.7945,6.5966,5.019,4.4637,5.6106,4.8565,4.8087,5.1526,3.1905,5.4978,4.4857,5.597,4.6603,5.6927,4.3248,4.4713
TCGA-NORM-062,Normal,0,4.0059,6.4334,5.5679,5.5059,3.9545,4.9189,4.5966,6.1682,5.2642,5.8187,3.7272,6.5188,6.5736,4.9489,4.0717,4.5661,4.0874,5.412,5.1531,3.7993,4.8233,4.1795,4.5073,4.2617,5.1784,5.8406,4.3519,4.7912,5.7752,4.8471,5.119,4.0997,4.3642,5.9264,6.0617,6.1113,3.8109,4.8081,5.538,4.7832,4.2283,5.0725,3.2966,6.6732,4.5879,5.6569,5.114,4.6846,5.4158,4.2862
TCGA-NORM-063,Normal,0,5.205,5.1343,5.5658,5.0458,4.5378,4.5547,3.8094,5.5851,5.2727,5.1543,4.4242,5.9677,4.5232,4.2985,3.9327,3.6694,4.1125,5.2037,5.5482,4.7816,5.0731,4.512,4.4361,4.4934,4.4839,4.9391,4.2638,5.2024,5.2598,3.915,4.911,4.6489,3.5504,6.4368,5.6734,5.4399,4.0101,3.9892,5.9442,5.2004,4.7088,5.3244,3.579,5.8516,4.2182,6.0563,4.1472,5.5463,5.6046,5.23
TCGA-NORM-064,Normal,0,4.6396,6.4121,6.6371,5.0391,3.6525,3.4972,4.4485,5.0582,5.1549,5.7546,4.1286,6.3253,5.9314,5.0426,3.9715,4.0988,4.3216,5.5281,5.3555,4.8438,5.8786,3.7768,5.393,5.4915,5.3344,6.5292,3.6938,4.8953,4.9724,4.4269,4.864,4.716,4.7599,6.4004,6.2521,5.3339,4.2891,4.7772,5.856,4.9508,4.0804,4.1778,3.5938,6.8606,3.9931,5.5428,5.1391,4.5794,5.2859,4.8287
TCGA-NORM-065,Normal,0,4.8296,7.3824,4.8595,5.7935,4.2655,4.6906,4.3264,5.5757,5.4255,4.7217,4.3167,6.268,6.1188,4.9433,4.5654,4.4701,4.2729,4.834,5.4843,5.2871,5.2389,4.3276,4.2356,5.3337,5.3028,6.6009,4.044,4.9612,5.4075,4.3931,5.2395,3.9823,4.5397,6.4121,5.7121,6.3884,5.1967,4.2753,5.5411,5.2177,3.8807,5.1029,3.1071,6.3949,3.8666,6.1341,4.5372,5.0489,4.9203,4.2771
TCGA-NORM-066,Normal,0,5.4623,4.9721,6.185,5.4692,3.8001,3.8593,4.8822,5.4801,4.8034,6.0696,4.1976,5.7117,5.9289,4.0056,4.8954,4.8811,4.9087,5.3172,5.7428,4.6406,4.8142,4.5091,5.5814,4.3494,4.8407,5.9148,4.415,4.6893,5.8081,5.1462,5.4249,3.9683,3.4461,6.2036,6.6211,5.9923,4.6691,3.9497,5.0138,5.344,4.6797,4.3938,4.7911,6.2588,5.1991,4.8536,4.0711,5.0771,5.429,5.215
TCGA-NORM-067,Normal,0,5.1417,5.9824,5.1485,5.8705,3.9091,5.076,3.9998,6.6213,5.628,5.4961,3.8116,5.9804,6.0241,4.5019,4.1328,4.329,4.7047,4.1965,5.1565,4.1998,4.8271,3.5476,3.8355,4.196,4.6843,6.6064,4.2026,5.2113,5.4835,4.1612,5.3017,3.8373,4.796,6.9008,5.3672,5.3177,4.5442,3.7808,5.733,4.6406,5.2428,5.6251,4.1713,6.4626,5.067,5.2038,4.3185,5.1793,5.5905,4.4693
TCGA-NORM-068,Normal,0,4.1143,5.7303,5.5771,5.283,5.2309,3.7195,4.3553,6.5757,6.3446,5.3758,4.2664,6.3902,5.9193,4.4227,4.5962,3.264,4.9763,5.2112,4.8502,5.5618,5.0424,4.1255,5.5389,4.4316,4.7558,5.6612,4.8176,5.2248,4.7216,3.8627,5.0633,4.3404,4.3347,6.2757,5.3252,6.2572,4.7838,4.8379,5.7052,5.4639,4.4784,5.6952,4.3107,5.9564,5.5919,5.8576,4.9439,4.5698,4.623,4.5384
TCGA-NORM-069,Normal,0,4.8895,5.8152,5.6738,6.0319,4.6562,3.8297,4.0776,5.5434,5.148,5.3716,3.8303,5.569,5.7739,4.2149,3.0818,5.3273,5.1593,4.9851,4.9587,4.1135,6.1092,5.1607,4.7132,5.2666,5.0822,5.1259,4.254,5.1907,5.0988,4.0038,5.2955,4.3388,4.1666,5.6103,5.8017,5.2004,5.1102,3.2673,6.0244,5.5922,4.1325,3.918,3.9131,5.9716,4.1145,5.2257,5.3744,5.4434,4.7867,3.6878
TCGA-NORM-070,Normal,0,4.6768,5.9955,5.8337,5.0762,4.5734,5.214,4.4948,5.8839,5.24,5.3973,4.5766,5.8515,5.8517,4.4902,4.1742,3.7859,4.8147,5.127,5.1754,4.4006,5.8954,3.9123,5.4131,4.0196,5.199,5.9413,4.0813,5.3223,5.8791,3.1046,5.5628,3.2532,3.7086,6.8207,5.8626,5.2502,4.5811,5.1454,4.6811,4.4952,4.9423,5.9254,4.0291,5.4429,5.5124,6.175,4.9913,4.7786,5.1807,4.3345
TCGA-NORM-071,Normal,0,4.9729,6.7445,6.0061,4.8322,4.9627,4.4841,4.437,6.5655,4.8222,5.5416,3.8061,5.4283,5.9874,5.5973,3.572,4.389,4.9576,5.2098,4.8994,4.0561,5.4508,3.9663,3.6573,5.3436,5.4346,5.7506,4.5424,5.6148,5.4043,4.509,5.2027,4.9655,4.2875,6.1749,5.5529,5.9076,4.2958,3.9277,5.1384,4.4885,5.2246,5.6885,4.9398,5.4502,4.6014,4.8755,4.3727,4.731,5.7606,4.2284
TCGA-NORM-072,Normal,0,5.3048,6.3634,6.647,4.6513,4.9099,4.8591,3.6898,6.3588,5.4737,5.4554,3.6745,5.8102,6.7538,4.4675,4.752,4.0476,4.3184,5.6414,4.343,4.4539,5.3614,4.357,4.5621,4.9841,5.3151,6.058,3.9957,5.0034,5.841,4.5048,4.7188,4.5333,3.2529,6.1087,6.9784,5.3519,4.2947,4.5587,4.8111,4.6836,4.5369,4.804,3.9695,6.3354,4.759,5.5776,4.5332,5.3107,5.1471,4.6127
TCGA-NORM-073,Normal,0,4.6004,6.0094,5.1649,5.3013,3.9783,3.8419,4.2442,6.0013,5.6747,5.3638,4.2289,6.3817,6.0315,4.0956,4.4672,4.5674,4.6726,4.2155,5.0225,5.6363,5.1841,3.9793,4.8107,4.9466,5.5401,5.1613,4.7684,5.397,5.2393,4.2546,5.7999,4.7677,3.6288,6.4566,6.0953,5.8113,4.7031,4.1473,6.0416,4.9307,3.7647,4.9123,4.1561,6.5537,4.8407,5.0748,5.8041,5.2633,5.7767,4.3384
TCGA-NORM-074,Normal,0,5.064,6.4693,6.1586,5.7929,4.7357,4.2014,3.8705,6.0553,5.7424,5.4575,4.5246,6.7875,5.419,4.0905,4.3368,4.5419,4.4333,5.763,5.1411,4.6585,4.6999,3.7148,4.7692,3.8463,5.459,5.6562,5.8987,6.1699,5.2217,4.0543,5.7846,5.1416,3.406,5.2837,5.8445,6.0407,4.8937,4.6963,4.9654,3.9261,4.6546,4.7167,3.1673,6.0658,4.9262,5.4026,4.4797,5.0724,5.036,3.8001
TCGA-NORM-075,Normal,0,4.5024,6.3261,5.7551,5.3927,3.8954,4.2615,3.1481,5.9859,5.9654,4.8944,3.7816,6.2819,6.3952,4.2654,4.0885,3.5175,4.7159,6.0734,5.0751,4.6307,5.491,4.3019,4.2769,5.1765,5.1049,5.7353,4.0004,5.7179,5.6024,3.8534,5.7874,4.1512,3.7912,5.7457,5.3274,5.9907,3.8461,3.6621,4.5713,4.9296,4.2008,4.9424,3.6065,5.473,4.7783,5.2098,4.8281,4.7458,5.2842,4.9932
TCGA-NORM-076,Normal,0,5.0878,5.906,5.7261,5.2087,4.3468,4.1967,4.0538,6.001,4.8754,5.1006,3.4204,5.4137,5.2836,4.5389,3.9983,4.6346,4.685,4.2686,5.245,5.0056,4.8988,4.496,4.2573,4.8499,4.4343,4.9205,4.267,5.0756,5.1244,3.5694,5.1566,4.4963,4.1229,6.1697,5.8228,6.3057,4.1409,4.4343,6.0372,5.1847,4.1773,4.8517,4.5419,5.3602,4.1328,5.2786,5.2427,5.315,4.7671,4.267
TCGA-NORM-077,Normal,0,4.5475,5.7722,6.0509,4.6998,5.0672,4.7159,4.6187,5.6973,5.255,4.9128,3.8092,6.3559,6.4146,3.9689,4.2355,4.3354,4.0412,5.4206,4.6245,4.5528,5.1427,3.9517,4.6395,4.709,4.836,5.3996,4.5831,5.8754,5.3663,4.5504,4.711,4.4461,3.6493,5.4229,5.7917,6.3148,5.0977,4.3242,4.8156,4.88,4.4042,5.1684,3.2459,5.5999,4.5405,5.6989,3.6975,5.0712,5.2671,4.789
TCGA-NORM-078,Normal,0,5.1358,6.3537,5.2504,4.4584,4.1664,4.7939,4.7548,6.2253,5.5157,5.7286,3.795,6.0753,6.5825,4.043,5.1267,4.2586,5.2658,4.5214,5.2139,4.3092,4.7092,4.4052,5.097,4.4258,4.3288,5.6861,4.3999,5.3781,5.7306,4.0755,6.1716,4.4761,3.9872,5.3623,6.0062,5.6271,5.1023,4.423,4.9746,5.0458,4.5707,5.777,4.475,6.3429,4.5964,5.6323,5.248,4.5444,5.0455,4.059
TCGA-NORM-079,Normal,0,4.9946,6.6452,5.3417,4.2414,4.1577,4.7543,4.3697,6.0983,5.1965,4.9822,4.2772,5.7584,6.8142,4.7239,4.1387,4.1284,4.6275,5.0467,5.4529,4.7246,5.0168,5.1576,4.6649,5.152,4.7297,5.8908,4.5793,4.281,6.2102,4.683,5.1579,3.8791,4.2995,6.1266,6.2844,5.8647,4.898,4.8662,5.761,4.496,4.8816,5.8277,5.4941,5.4949,4.6786,4.5206,4.9347,4.8975,6.0683,4.0581
TCGA-NORM-080,Normal,0,4.0639,5.8795,4.7214,5.655,3.414,4.356,3.1928,5.7615,6.062,5.7201,3.6567,6.1198,5.8395,4.6798,3.7849,4.6701,3.4524,4.871,4.7306,4.9257,5.3563,3.6744,4.1995,4.8954,4.9678,5.4668,4.2229,5.4446,5.0704,4.0625,6.3131,3.7345,3.3098,6.4402,5.819,5.6353,4.3186,4.098,6.2247,5.3293,4.6565,4.4521,3.5576,4.7229,4.2051,5.8881,4.9184,5.0445,5.1927,4.0967
TCGA-NORM-081,Normal,0,4.9161,6.4362,4.8832,5.4519,4.7628,4.1564,4.4431,7.1722,5.2755,5.7347,3.7132,6.2154,6.0385,4.5548,3.9412,4.4964,5.3273,5.3564,5.3832,4.534,5.6835,4.4326,4.2148,4.9493,4.5571,5.4426,4.5245,5.2651,4.7682,4.5765,5.594,4.058,3.4512,6.0223,5.9237,5.8294,4.5067,3.3115,5.3306,4.8308,4.5536,4.7752,4.8311,5.1403,5.1593,5.3566,5.0726,5.1801,5.7156,4.2324
TCGA-NORM-082,Normal,0,4.3296,6.7308,5.5593,5.4167,4.8989,3.8788,4.3958,5.6401,5.263,5.5903,3.3702,5.7833,6.4394,4.8659,4.3718,4.5129,4.5369,5.7649,4.8601,4.745,5.8618,3.9571,5.3442,4.1173,5.7367,5.5597,4.3301,4.2808,5.0987,3.6343,5.0632,4.3134,4.5741,6.181,6.2628,5.2855,4.2738,5.0243,5.1745,5.7136,4.1591,5.0904,4.5573,6.5729,4.5195,5.2828,4.6606,5.2962,5.6038,4.4086
TCGA-NORM-083,Normal,0,5.1025,6.8288,5.782,5.4573,3.6597,3.1594,4.3026,5.8629,5.0908,5.6673,4.0181,6.6413,5.8701,4.131,4.8456,4.3058,4.9063,4.9396,4.6579,4.6786,5.3518,4.5228,4.5218,3.9796,4.8086,6.0846,4.3055,5.0204,5.7472,3.7818,4.6423,4.3029,3.9252,5.6527,6.0455,5.9997,4.666,4.353,6.3213,4.814,4.3937,4.8602,3.6948,5.7373,4.3539,5.6193,5.7428,4.8219,5.0153,4.3783
TCGA-NORM-084,Normal,0,5.0021,6.2102,6.1882,4.2252,3.2691,4.12,4.6216,5.201,3.969,5.8148,4.1549,5.6432,5.3879,4.0308,4.4498,4.1216,4.8917,3.8699,4.5647,4.134,5.2307,4.0648,5.0017,3.9693,5.0238,5.9786,5.2748,4.9145,5.4493,3.2905,4.2602,4.7553,4.1406,6.6179,5.5064,6.0124,5.5111,4.4037,5.6298,4.9722,3.5616,5.6994,3.8008,6.2275,3.866,4.9268,5.3316,4.9879,5.8567,4.3715
TCGA-NORM-085,Normal,0,3.9951,6.493,5.3449,5.6315,4.3546,3.6488,4.2017,6.8939,5.5443,5.5319,4.5292,6.2286,5.9257,3.9759,4.5052,4.8694,4.2931,5.7955,4.909,4.2412,5.795,4.1778,4.9845,4.6747,4.9764,5.9495,4.5702,4.2333,4.7988,4.5204,5.2771,4.1395,3.5318,5.6017,5.2146,5.7329,4.4009,3.7799,5.4747,5.1321,5.2104,4.409,4.5974,6.4384,4.2187,5.549,4.4798,5.2277,5.8819,4.6792
TCGA-NORM-086,Normal,0,5.0529,5.8979,4.9426,5.2232,4.8862,3.656,3.653,5.9624,4.8794,5.2011,3.8547,5.5193,5.393,4.7837,3.8117,3.6844,4.3858,5.4838,4.8617,4.4316,5.366,3.5213,4.8653,4.9785,4.8192,6.1801,3.9319,5.6389,5.3728,3.9507,5.3277,4.3269,4.6922,5.603,5.7813,6.2448,4.4022,4.6201,6.2701,4.7875,4.5751,4.5702,4.4153,6.0902,4.7822,5.167,3.9383,5.3706,4.2742,4.2639
TCGA-NORM-087,Normal,0,5.2475,6.1779,6.4871,5.7783,4.049,4.3555,4.1065,5.1936,4.8993,5.3054,3.129,6.1552,5.7193,3.7143,4.5819,4.7256,4.7715,5.0086,5.2164,4.9468,5.4844,3.9358,4.7672,5.344,4.7349,6.6715,4.2027,5.1459,5.0007,4.2027,4.5526,4.1294,3.6517,6.1485,6.5719,6.0692,3.6029,5.1338,5.6382,4.6189,4.3392,5.1687,3.7756,6.0896,4.296,5.2756,4.3769,4.4994,5.2684,4.6701
TCGA-NORM-088,Normal,0,5.0557,6.4605,5.7563,5.0773,4.7211,3.7323,3.7225,5.4717,5.8085,5.982,4.2646,6.6162,5.4357,4.624,4.3437,4.7846,4.6175,4.9812,5.1937,5.035,5.0453,4.2794,4.1664,3.6819,5.0936,6.0014,4.5572,4.254,5.1454,3.1039,5.953,3.8864,4.708,6.5132,5.7191,5.2687,4.8278,3.8349,5.5514,4.7511,3.467,4.0857,4.1777,5.7478,4.3204,5.7707,5.2138,5.0215,5.0495,4.6317
TCGA-NORM-089,Normal,0,4.2134,6.192,5.8587,5.6232,3.4717,4.0006,3.7326,5.9505,5.5388,6.2313,3.8226,5.9099,6.3487,4.6006,4.9705,4.5334,4.1486,4.5546,4.2521,4.9386,5.8809,5.1391,5.0221,5.3293,4.7423,5.207,4.8218,5.3193,5.3517,4.2765,5.482,4.9529,4.7259,6.3324,6.505,6.0098,4.4626,4.5553,4.8778,5.4426,3.7309,5.218,3.6953,6.2495,4.554,4.7399,4.8751,4.8841,5.5993,4.4073
TCGA-NORM-090,Normal,0,5.0019,5.6607,5.3452,5.1107,4.7288,5.098,3.7655,6.3902,4.3461,5.0204,3.6138,5.5252,5.1188,4.653,4.3037,4.5742,4.98,5.274,5.2463,4.6094,4.8119,4.7829,4.3776,4.385,4.9233,5.3166,4.2514,5.2861,5.4601,3.6982,5.1171,4.8586,4.3665,7.0213,6.6554,6.2934,4.0456,4.5586,5.4814,4.7204,4.3441,5.5147,4.301,5.6052,4.9034,5.1706,4.7833,5.0076,5.1043,4.7515
TCGA-NORM-091,Normal,0,4.3559,6.9669,4.7909,5.0481,4.5098,4.6061,4.0826,5.8798,5.5072,5.4538,4.6722,6.5115,6.2241,4.0324,4.3643,4.2683,4.2168,5.3165,4.7083,4.9356,4.8645,5.0805,4.2394,4.9047,5.3597,5.4706,4.8229,4.5782,5.9568,4.1086,5.0682,4.2405,4.5071,5.8245,5.7872,5.6788,4.1405,5.0341,5.2504,5.3426,4.3627,4.6463,4.073,6.3533,4.4846,5.9944,5.1454,5.5577,4.9959,3.9208
TCGA-NORM-092,Normal,0,4.5479,6.1799,5.856,4.3398,4.3396,4.4143,4.0029,6.4867,5.5123,6.1473,3.9481,6.5557,6.5672,5.0574,3.9086,4.2893,4.514,5.3746,5.2591,4.2632,5.3766,3.3979,5.2916,4.5754,5.0285,5.588,4.955,3.8544,5.2958,4.0546,5.1325,5.152,3.7438,6.4349,6.2847,6.3462,4.3699,3.885,5.9985,5.1597,3.5733,4.8467,4.2495,6.3775,4.2637,4.1461,4.9212,4.595,4.295,3.1321
TCGA-NORM-093,Normal,0,5.1903,6.1494,5.5088,5.9421,4.63,5.0705,3.5011,5.89,4.5949,5.4545,3.9334,6.4158,5.8519,4.7477,4.7166,5.3732,4.5274,4.731,5.061,4.2797,6.013,4.1794,4.3882,4.5939,5.3266,5.6564,4.1505,5.8807,4.918,4.1182,5.6301,3.6411,4.3592,5.6127,6.4946,5.3453,4.9819,4.7125,5.893,5.0814,4.1644,4.83,4.7376,5.6857,4.1026,5.757,4.3275,4.7166,4.5531,4.1894
TCGA-NORM-094,Normal,0,4.7868,6.201,6.0385,5.5542,4.2573,4.254,4.3574,6.4782,5.3793,5.3467,3.5985,5.4835,6.1312,4.7272,4.6598,4.3456,5.3025,4.9366,5.3802,4.6233,5.0723,4.5735,4.8271,4.9666,5.0399,5.7103,5.514,5.6642,5.6286,4.1525,5.7898,4.6083,4.1549,5.9509,6.088,4.3518,4.7649,3.9951,6.222,4.977,3.7335,5.0669,3.6049,6.2135,4.7002,5.8886,4.3299,5.1595,4.5885,4.7224
TCGA-NORM-095,Normal,0,5.0575,6.3147,5.6111,5.5037,5.0652,4.2149,4.1902,5.4168,4.9317,5.6018,4.5421,6.0185,5.7252,4.284,4.1594,4.5362,3.9956,5.7309,4.6508,4.9656,4.7746,4.6079,4.9451,4.9789,4.5559,5.8397,3.9069,5.0176,5.7665,4.4607,5.3434,3.9365,4.4336,6.0963,5.0802,6.1307,4.6592,4.756,5.0124,3.5388,4.3941,5.2206,3.3149,5.5602,5.8092,5.32,5.0147,4.8514,4.2621,4.3301
TCGA-NORM-096,Normal,0,4.7045,5.9116,5.5588,5.436,4.2757,3.7744,4.3466,5.0284,4.3998,5.8904,4.2734,6.108,5.2034,4.1486,4.2818,3.6853,4.3368,5.448,5.5926,4.452,5.6865,3.4456,4.9395,4.4442,5.1417,5.6159,5.0335,4.7378,5.5857,3.9764,5.2654,4.2924,3.7626,6.0812,6.0962,5.887,4.7082,4.574,5.9209,4.4956,4.6594,4.5555,4.3402,6.2794,3.7092,5.4994,4.4749,4.8027,5.8106,4.1125
TCGA-NORM-097,Normal,0,4.4611,6.1256,5.9189,5.2533,4.8681,4.5821,3.1476,5.6673,5.0696,5.7735,2.8641,7.2809,6.0703,4.5341,4.9317,5.4581,5.0612,5.5814,5.0091,4.577,5.132,3.9351,4.3336,4.1982,4.9692,4.9693,4.5252,5.115,5.3694,3.8672,6.7212,4.9872,3.5831,6.1923,5.8508,5.322,4.0671,4.4094,5.1987,5.4039,4.7157,5.7077,3.6921,6.2144,4.8539,5.2442,4.3385,5.8684,5.3051,4.6929
TCGA-NORM-098,Normal,0,4.4541,5.5429,5.3541,5.2612,3.8643,4.3388,3.368,5.4016,5.6244,5.8295,3.8689,5.6758,5.369,4.2992,4.69,4.8212,4.4459,4.6354,5.0708,4.2701,5.1129,4.9033,5.0149,4.8771,4.431,5.8225,4.9175,4.9623,5.9113,4.6839,6.0853,4.5125,4.4074,6.7239,6.3257,5.5529,4.4683,4.3222,4.9246,4.9039,4.7619,4.1033,4.7662,6.5056,4.3624,5.7021,4.6872,5.6976,5.645,3.7766
TCGA-NORM-099,Normal,0,5.0883,5.999,5.6477,4.9894,5.1299,4.8112,3.7949,5.305,5.1489,5.7533,4.1534,6.6977,6.1868,4.9035,4.5471,3.7783,4.5813,5.6315,4.9271,4.8671,5.2026,3.8435,4.5872,4.9451,4.7083,5.6213,4.0165,5.635,5.1708,4.7559,6.0245,4.3387,3.6893,5.1489,5.462,5.1602,5.2905,4.267,5.6806,3.9691,3.7294,5.4886,4.2047,5.9343,4.8235,6.1937,4.5863,5.1754,5.2894,5.4831
TCGA-NORM-100,Normal,0,3.8793,6.399,5.5587,5.5721,4.0474,4.3212,4.4479,7.3064,5.6861,5.1761,3.8546,5.9298,5.0233,4.3186,4.7298,3.8301,5.1412,5.374,4.6199,4.577,6.0653,4.637,4.6467,4.699,5.0378,5.4971,3.4921,6.0503,5.3732,4.2814,5.3105,4.0444,4.0594,5.3678,7.1491,5.2229,4.2058,4.0168,6.0849,4.9749,3.7122,5.6538,4.4046,6.2428,4.8914,6.535,5.6691,4.8351,5.9335,4.5791
TCGA-NORM-101,Normal,0,5.0486,5.33,5.5337,4.9513,4.7159,4.8252,3.1943,5.8957,5.8273,5.4738,4.3734,6.2918,5.9851,4.3451,3.8526,3.8988,4.9885,5.1632,4.8879,4.45,5.2087,4.778,4.4919,4.2025,5.338,5.6352,4.4534,5.8547,5.2941,4.2323,4.8061,4.2763,4.4174,5.3876,6.2148,5.8238,4.6887,4.6816,5.6558,5.6335,3.8214,5.1506,4.1137,5.5193,4.9996,6.5037,4.6781,5.3714,5.2408,4.0856
TCGA-NORM-102,Normal,0,4.0046,5.774,4.984,6.0839,4.2914,4.1875,4.5279,5.4008,4.9774,5.5884,4.5082,6.3596,5.9431,4.5023,4.5801,4.4942,4.2058,5.1752,4.4671,4.6772,5.1298,5.4496,4.6248,4.1741,4.943,5.9611,5.1923,4.8661,4.5912,4.4698,4.7153,4.1789,4.0272,6.0562,6.4345,5.4708,4.547,4.2085,5.5726,5.0124,4.4647,5.4691,4.2523,6.2046,3.8573,5.4802,4.9015,5.4722,4.8912,4.1101
TCGA-NORM-103,Normal,0,4.5656,6.333,6.0756,5.1337,4.7518,4.3988,4.0719,5.8105,5.6584,5.7043,5.0694,5.7503,6.0645,4.229,4.0088,4.3986,4.7311,6.4676,4.8674,4.1321,5.4689,3.3733,4.6013,4.8132,5.3609,6.1655,4.2127,5.0635,4.9586,3.5946,5.4761,3.802,3.9565,5.6397,6.3717,6.5891,4.0844,3.381,5.4491,4.9754,4.3669,4.8885,3.9854,6.1659,5.0375,4.5778,4.5197,5.2404,4.7897,5.1857
TCGA-NORM-104,Normal,0,4.5381,6.073,5.8606,5.051,3.5123,4.1503,4.591,5.754,4.9416,5.9743,3.8964,5.9042,5.8986,4.814,5.4718,4.7757,5.1913,4.9268,4.4886,4.6688,5.3943,3.8216,4.5638,4.9857,5.1655,5.9543,4.5702,4.9032,5.0721,3.5627,6.1397,4.3812,4.0419,5.6696,7.4454,5.2955,4.4772,4.402,5.7754,5.3994,5.0819,5.3172,3.6004,5.8849,4.7078,6.3883,4.0568,5.6853,5.2837,4.7837
TCGA-NORM-105,Normal,0,4.7781,5.7125,5.9483,5.6115,4.7807,4.3372,3.8579,5.2041,5.6912,5.7485,3.6107,5.8914,5.6213,3.7998,4.0321,3.8933,4.4837,4.8221,4.2181,5.5509,5.9097,3.9563,4.7653,4.9939,5.5393,5.359,4.9307,4.8848,4.7022,4.4281,5.9174,5.5397,3.6032,6.4021,5.94,6.131,4.0084,3.6466,5.1562,5.0039,3.98,5.386,4.5378,6.2703,5.2978,5.6447,4.1382,5.7577,4.9304,4.8164
TCGA-NORM-106,Normal,0,5.5322,6.2971,4.9371,4.9039,4.9385,4.2671,4.1636,6.2471,5.6358,5.6832,3.9514,5.9931,6.2174,4.7163,4.2842,4.8904,4.6113,4.7712,4.6087,4.2003,5.2235,4.8621,4.2804,4.8908,4.7078,5.6102,3.7598,5.0321,5.2161,4.3453,5.4371,3.8359,4.631,6.1822,6.2137,5.7743,4.4372,4.3129,5.7193,4.1822,4.026,4.9747,4.1909,6.5375,4.222,5.2335,4.4551,4.7835,5.0465,4.7535
TCGA-NORM-107,Normal,0,4.3498,6.2841,4.8445,5.0644,4.195,5.0969,4.0041,4.915,4.423,5.5731,4.3215,6.3028,5.9068,4.9902,4.1572,4.8062,3.9349,4.7472,4.1371,4.517,5.3253,4.3582,4.6706,4.3886,4.9177,5.0535,5.0527,4.9947,5.0833,4.8172,4.7776,3.8686,3.6498,6.057,6.3186,6.1113,5.8275,3.2026,5.7792,4.7176,4.0046,4.8105,3.6667,6.7585,4.9483,5.468,5.2937,4.4635,4.6039,3.4266
TCGA-NORM-108,Normal,0,4.5093,6.1643,5.6567,5.3843,3.7083,4.7046,4.2356,6.2355,4.4707,5.6979,3.5108,5.955,6.0718,4.5081,4.0168,4.4063,3.9801,5.6721,4.8579,5.1441,5.1091,4.0713,4.2988,5.2003,4.6841,6.0175,4.2672,4.2421,5.0467,3.5716,5.3519,3.8395,4.5598,6.0466,6.0445,6.0736,5.1039,4.2058,5.1583,4.17,3.9598,4.8116,4.1238,5.8452,4.8789,5.1817,4.6601,5.6769,5.3566,4.3797
TCGA-NORM-109,Normal,0,4.5531,5.8066,5.2276,5.0736,4.6833,4.2433,3.5204,6.7013,5.4664,4.9246,3.8465,6.1837,6.5984,3.9685,4.8392,5.0333,4.3864,5.0296,4.4839,4.5491,5.3296,4.6037,5.1333,4.4694,4.1181,5.7178,4.5714,5.2436,5.1563,4.1583,6.0185,4.5469,3.9751,5.8625,6.048,6.515,4.5877,4.206,5.2883,5.4629,5.1504,5.2922,4.1129,6.0171,3.4964,5.7929,4.7461,5.3369,4.8826,4.2337
TCGA-NORM-110,Normal,0,4.639,6.5513,5.4399,6.2542,4.5371,3.7691,4.0699,5.6123,4.335,6.2775,4.3617,6.3737,5.9058,3.8452,4.1824,4.7823,4.1963,4.0152,4.8481,4.5769,5.4071,4.6347,4.9296,4.9224,5.5413,5.0439,4.6663,5.4133,4.7455,3.4259,5.0009,4.0775,4.4822,5.811,5.739,5.5032,5.1735,4.2207,5.4246,4.9188,4.8499,4.7523,4.6676,6.0952,4.4971,6.583,4.2107,4.985,4.6482,4.8353
TCGA-NORM-111,Normal,0,5.5841,6.843,6.1612,5.2281,4.1789,3.5912,5.0439,6.1166,5.1011,6.1554,3.6075,6.3168,5.7537,4.7546,4.3714,3.7506,4.7033,5.6265,4.9371,4.9895,4.8756,4.2951,4.3617,5.1421,5.0175,6.0379,4.9288,5.4425,5.4262,3.653,5.3353,4.1353,3.9883,5.919,5.6834,4.8977,4.3695,4.3019,4.8986,4.9754,5.1236,5.5498,4.8152,6.1765,5.0947,5.1318,4.3958,3.9115,5.7365,5.0998
TCGA-NORM-112,Normal,0,4.5751,5.9773,5.2711,5.4892,4.8495,3.5589,4.312,5.7811,5.3735,5.7643,3.9606,6.0872,5.7351,4.9038,4.5885,4.5028,4.0974,4.9841,5.3547,4.6577,5.6429,5.1018,5.1101,4.8479,4.7734,4.5783,4.3635,4.9846,5.479,4.0329,5.1924,3.5744,3.7201,6.302,6.8965,5.7346,4.8177,4.6435,5.1404,5.1334,3.9353,5.4786,4.1438,6.1348,4.2171,5.7757,5.6239,4.6906,5.0499,4.5109
TCGA-NORM-113,Normal,0,5.1779,5.8398,4.3355,5.9287,4.6855,3.5589,3.8544,6.6113,5.974,5.9801,3.966,6.1711,5.7725,4.9749,4.0059,4.0409,5.124,5.1345,5.5706,4.3385,5.3214,3.8918,4.646,4.1406,4.7839,5.0811,4.7515,5.4538,4.5247,4.7024,6.4604,4.3959,3.8546,7.3585,5.5309,5.7875,4.751,4.8202,5.6672,4.744,3.8405,4.9356,3.6225,6.022,4.3154,4.7852,5.2506,4.9202,4.6321,4.331
TCGA-NORM-114,Normal,0,4.8548,5.3057,5.7596,4.8458,5.1132,4.579,3.9478,5.5703,5.2752,5.8335,4.0338,6.0361,5.8576,4.1954,4.2456,3.4649,5.1075,5.2889,4.6022,5.4951,5.3852,3.8406,5.0283,4.9851,5.1809,5.5358,4.642,5.0135,5.5535,3.245,5.1414,5.1501,3.7979,5.8158,5.9228,5.2318,3.6764,4.1111,5.5664,4.9447,4.2033,5.1088,4.5359,5.9148,4.311,5.331,4.9465,5.7796,4.9201,4.4512
TCGA-NORM-115,Normal,0,4.9762,5.6449,5.6196,4.6575,3.5472,4.5082,3.955,5.9966,5.3144,5.1184,4.0249,5.5789,6.4573,3.857,4.3119,3.9345,4.926,5.0053,4.7169,5.0246,5.3593,4.5394,4.2011,4.1738,5.0516,5.5839,4.7212,5.0954,5.3956,3.3717,6.1864,4.3012,4.457,5.7113,6.263,5.1922,4.8736,4.0547,5.5184,5.2824,3.7138,4.7814,4.2815,6.9447,4.5072,5.7236,4.6376,6.0182,4.4165,4.4493
TCGA-NORM-116,Normal,0,4.0925,4.9636,5.7442,5.3798,4.2151,4.2954,5.522,5.7894,5.552,5.2655,4.1781,6.0266,5.6466,5.2857,4.9297,4.465,3.6324,4.992,6.1666,4.5369,5.8425,4.9558,4.7413,4.4272,3.9075,6.0353,4.0726,5.2106,4.7409,3.9828,5.3518,4.496,3.6414,6.6262,5.8558,5.025,4.6211,4.2303,5.5776,5.5813,4.1621,5.0356,3.5792,6.3698,4.6523,5.2685,3.8287,5.7941,4.6503,4.1406
TCGA-NORM-117,Normal,0,4.9852,5.5531,4.9383,4.3613,4.6677,4.0979,5.4451,5.4581,4.9078,5.3033,4.1547,5.9222,6.1069,4.0268,3.7783,3.5943,3.6687,4.9213,4.8148,4.3566,5.9056,4.8595,4.4921,3.9987,4.7483,5.4575,4.1436,4.8173,5.0093,3.9282,5.0506,4.4689,4.3053,5.6778,6.6964,5.3374,3.9421,4.3862,5.1375,5.1129,3.1868,5.716,4.3782,5.3253,3.9039,6.2101,4.3539,4.7688,4.183,4.2488
TCGA-NORM-118,Normal,0,4.7215,6.4135,4.9808,4.6329,4.5462,4.7962,3.4208,6.3923,5.3393,6.0491,4.0137,4.9988,5.763,4.9442,3.9978,4.2289,4.5901,3.8497,5.7024,4.2351,5.5737,4.2679,5.2086,4.9887,4.8976,5.3253,4.7983,4.2883,5.594,3.6076,5.9001,4.4477,4.433,6.1244,5.3358,5.3911,4.9727,4.2899,6.0368,5.1498,3.8335,4.7312,4.122,4.9592,5.3224,5.6563,5.2379,4.4329,5.7628,5.4109
TCGA-NORM-119,Normal,0,4.2296,6.4387,5.6109,4.6221,4.565,4.7183,3.8573,6.4302,4.5724,4.8851,4.1068,6.1452,5.5089,4.8315,4.6389,4.7897,4.6139,5.4256,4.7497,5.5649,4.9804,5.2543,4.6584,4.187,5.619,5.784,4.8223,5.6821,5.4554,3.8357,5.7757,4.3755,4.4517,5.1184,6.3255,5.4911,5.4141,4.4953,5.6132,5.1872,3.8192,5.8199,4.9718,6.1773,5.285,5.2014,4.3271,5.1626,5.3985,4.2294
TCGA-NORM-120,Normal,0,5.066,6.2294,5.1611,5.5505,4.7318,4.4203,4.6465,5.3578,5.533,5.0311,3.5439,5.8499,5.4074,4.2205,4.3036,4.7802,4.5248,4.4409,5.4633,4.264,5.3197,4.5078,4.7325,5.2984,5.2189,5.3398,5.4196,5.2188,5.237,4.536,5.4489,4.5548,5.2646,5.9637,5.9814,5.8309,5.1523,3.5369,4.6208,4.7041,3.5332,4.8982,4.3018,5.5997,3.9272,5.4888,5.0739,4.3814,5.5719,4.7745
TCGA-NORM-121,Normal,0,5.2533,6.6399,6.6013,5.1568,4.3925,4.1558,4.1287,6.5954,4.7172,5.1703,4.665,6.5928,5.668,4.8516,4.5536,5.0786,4.7029,5.616,6.1392,4.9098,5.3683,4.632,4.4783,5.8806,5.0844,5.6046,4.0632,5.6251,5.6935,3.8784,5.596,3.6963,4.2264,6.2913,6.8927,5.4316,4.0949,3.8119,4.9039,5.5698,4.9654,5.2335,4.6252,6.0608,4.5265,5.3077,4.5461,4.4476,5.3217,4.3885
TCGA-NORM-122,Normal,0,5.1594,6.1337,5.5372,4.925,4.3757,4.6754,3.6133,5.945,5.4273,5.2346,3.7808,6.2376,5.3213,4.6246,3.9971,4.8818,5.7214,4.7671,5.1907,4.3137,5.8145,3.7375,4.859,4.4132,4.9102,5.2634,4.8093,4.7547,5.5517,3.9473,5.2851,4.4416,3.8003,6.1822,6.813,5.4283,5.1975,4.889,5.138,4.3136,4.4044,4.8431,4.9165,6.0162,4.2083,4.9413,5.1762,4.8871,5.2225,4.8368
TCGA-NORM-123,Normal,0,4.6061,6.0709,5.6029,5.6245,4.6091,4.2441,4.1564,5.7383,4.6575,5.6737,4.8968,5.7361,5.4835,4.0753,4.7261,4.6053,4.598,4.7414,4.9918,3.9366,5.4106,4.6991,4.0797,4.1164,5.7141,5.4521,4.9505,5.062,5.2304,4.2995,4.9388,4.4348,3.9714,5.4933,6.2763,5.66,4.5995,3.6703,6.2214,5.3629,4.7024,4.9519,3.2975,6.8793,4.5418,5.1206,4.8733,5.6694,5.1924,4.982
TCGA-NORM-124,Normal,0,5.3113,5.6072,5.3072,5.7479,3.1226,4.2759,3.4839,5.6911,5.188,5.3965,3.7968,5.6401,6.8627,5.3075,3.8771,5.1154,4.4896,5.2126,4.9218,4.3438,5.7888,4.3635,4.4283,4.2189,4.6012,4.9888,4.4448,4.5928,5.1838,4.7187,5.8763,4.3606,4.1039,6.9335,6.3587,5.631,4.0284,4.3921,5.8785,4.6841,4.3995,4.9258,3.9928,4.881,4.4695,5.8938,4.4016,5.1678,4.8626,4.5689
TCGA-NORM-125,Normal,0,4.7266,5.6689,6.21,5.7351,4.071,4.5672,4.3696,6.1946,4.56,6.0107,3.7889,5.9728,7.0184,4.603,4.2262,3.4111,5.2947,4.5491,4.4987,4.4916,5.9835,4.6548,4.5717,4.9447,4.7332,5.7902,4.4723,5.5673,5.7385,4.3245,5.1735,4.709,4.1017,5.6007,5.9429,5.8165,5.0797,4.1323,4.9612,4.9939,4.3195,5.173,4.4896,6.459,4.3019,5.1803,4.2177,5.4586,5.8547,4.2649
TCGA-NORM-126,Normal,0,4.7153,6.7516,5.8379,5.5134,3.8073,4.6486,3.7097,5.3953,5.1664,5.2942,3.9456,5.4854,6.2628,4.9746,3.5237,4.8438,4.3046,5.5401,4.9195,4.6537,5.2628,4.8523,4.0849,5.0795,5.499,6.0497,5.4854,4.8933,5.7341,4.0545,5.8916,4.3717,3.9686,6.6753,5.9032,5.1427,4.4376,4.4934,6.1317,5.0183,4.8617,4.4782,3.8762,5.8706,4.5178,5.4954,4.9967,4.944,5.2653,4.3864
TCGA-NORM-127,Normal,0,4.4073,6.0404,5.5457,5.2428,4.3575,4.3772,3.9333,6.4783,4.7962,5.2333,5.2963,5.6667,5.2222,4.7977,3.4653,4.2976,5.635,4.4592,4.0584,3.9661,5.7503,4.813,4.4121,5.1134,5.629,6.5317,4.3284,4.0957,4.9339,3.9101,5.2201,4.2906,4.6466,6.661,6.0471,6.2728,4.8311,4.2439,5.9133,5.0008,5.1945,4.4421,3.8438,5.9436,4.7671,6.0281,4.6748,4.5041,5.5819,4.7464
TCGA-NORM-128,Normal,0,3.9502,6.0899,4.8948,5.018,3.937,4.7074,4.1804,5.3271,5.7185,4.9125,4.1938,5.7675,5.6668,4.6941,4.6347,5.0051,4.6323,5.2924,4.7533,4.7226,5.5438,4.2626,3.831,4.9552,5.1674,5.4213,3.8613,5.7955,5.5245,3.9991,4.8249,4.0053,4.7293,6.1495,5.8766,6.0078,4.3037,4.8903,6.1141,4.7584,3.9856,3.9112,3.4089,5.3977,4.6302,5.3107,4.0804,5.0176,5.4302,4.6442
TCGA-NORM-129,Normal,0,3.9691,6.0339,4.9879,5.7228,4.6961,3.9391,3.7831,5.698,4.3087,5.7089,3.9225,6.5704,5.3371,4.1885,3.7221,3.9516,4.1374,5.6027,4.6361,4.6966,5.1747,3.7356,4.567,5.0756,4.4599,6.0915,4.0569,4.914,5.5421,3.8036,5.3535,4.2335,4.2013,5.0162,5.301,6.0557,5.1369,3.8052,5.3955,5.101,4.5804,4.1769,3.6769,5.8508,4.8857,6.5818,4.5832,4.511,5.3838,5.0011
TCGA-NORM-130,Normal,0,4.8726,5.6836,6.0415,5.6156,3.8815,4.5148,4.5766,6.4374,5.2926,5.3966,4.5976,5.5892,6.0287,3.8506,4.8794,4.2874,5.2402,5.3756,4.3998,5.2818,6.0441,4.7039,4.3,4.6683,5.0688,5.4107,5.2008,5.1963,4.0868,4.2549,5.1799,4.3414,3.9772,6.4507,6.6282,5.9058,4.5175,4.1963,5.5141,4.6072,4.529,5.2964,4.7689,6.5654,4.2608,5.8267,4.2578,5.4573,4.9703,3.9462
TCGA-NORM-131,Normal,0,4.95,4.888,4.8224,5.2372,4.3803,4.177,3.417,5.5375,5.4985,5.8196,4.038,6.6544,6.0102,4.1308,4.2738,3.7722,4.6207,5.6549,5.2587,5.2716,5.2098,4.9126,4.5557,5.4682,4.9935,6.0456,5.1031,5.0443,5.4016,4.6822,5.2767,3.7808,5.1075,5.8762,6.1958,6.2987,4.3963,3.7613,5.6195,4.1615,4.1389,5.1997,3.9542,5.306,5.2867,5.5041,5.3298,5.0271,4.8068,4.5278
TCGA-NORM-132,Normal,0,4.7269,5.5616,6.2718,5.037,3.5151,4.9409,3.9008,5.6321,4.528,6.3412,3.465,6.1601,6.2421,4.6569,4.3732,3.6377,4.305,5.239,4.5961,4.7322,5.6529,4.74,4.0909,5.7945,5.3487,5.7266,4.9296,6.1957,4.6559,4.0008,4.2663,4.4618,4.3075,6.0699,5.8299,4.8562,4.8382,4.8698,5.2394,5.1664,3.5628,5.2951,3.8986,5.6574,4.2272,5.2804,4.8579,4.5537,5.0241,4.388
TCGA-NORM-133,Normal,0,4.3294,6.9001,5.2263,5.0158,3.903,5.1525,4.3766,5.4841,5.8203,5.6481,4.161,5.9788,5.4941,4.6191,4.1547,5.221,4.0982,5.8457,4.9002,4.7753,5.721,4.0233,5.0316,3.5876,4.6794,5.3116,3.8752,5.0346,5.4769,4.4184,5.445,4.0756,4.3092,6.1435,6.5456,6.1281,4.6839,3.8111,5.2115,4.7209,4.1266,5.21,4.3975,5.9775,4.5766,5.522,4.4536,4.7277,4.4128,4.0939
TCGA-NORM-134,Normal,0,5.0369,5.7753,5.5034,5.5269,4.5776,3.8574,4.5765,6.4129,4.814,5.187,4.5813,6.0677,4.8325,3.8373,4.2878,3.8801,4.4833,5.169,5.6083,4.51,5.8287,4.9498,5.2882,4.9341,4.1199,5.9348,4.9111,5.0948,6.0884,4.4891,5.5923,4.864,4.2931,4.9658,5.8998,6.3172,4.3067,4.1143,5.0351,5.7711,5.0252,4.6916,4.1419,5.6943,4.846,5.6869,5.051,5.2935,6.5237,3.9441
TCGA-NORM-135,Normal,0,4.0542,5.9147,4.9048,4.6454,3.8926,3.9282,3.6982,6.1388,5.0947,5.477,4.4477,5.789,5.7123,4.6317,3.5263,3.3303,4.8251,5.3759,5.8792,4.7118,5.715,4.2189,4.7765,5.5563,4.0476,5.9135,5.4003,5.2582,6.0461,3.819,5.3222,4.3902,3.1452,5.5619,5.6308,6.1484,5.0626,4.3607,5.8762,4.8945,4.8094,5.0933,4.1017,5.881,4.8773,5.268,5.1252,4.6347,4.7083,4.716
TCGA-NORM-136,Normal,0,4.7841,5.8873,6.0109,5.0438,4.2532,4.9728,4.8204,6.6132,5.1955,6.1116,3.6183,5.7257,4.7737,5.2199,4.0112,4.3466,4.2597,5.4673,4.7812,4.0535,5.5448,3.6617,4.2659,3.8579,4.3626,5.8077,3.5552,4.4648,5.3022,3.8576,6.233,5.2004,3.7525,6.3383,6.4616,5.5096,3.9972,4.2093,5.4275,4.7722,4.4675,4.7516,3.5573,6.0496,4.743,4.9281,5.1034,4.3474,4.9426,4.2906
TCGA-NORM-137,Normal,0,4.5377,5.8373,6.4524,4.9342,5.4418,4.5399,4.1692,6.1199,6.4609,5.1106,3.5411,5.7941,5.8458,3.6905,4.4101,5.1656,4.7375,5.0228,4.6721,5.045,4.9745,5.1378,5.5127,4.9215,4.9982,6.1912,4.9319,4.7686,5.0664,3.5071,5.5207,4.6751,3.5356,5.8827,5.5181,5.374,4.9181,3.8848,5.3699,4.236,4.3526,5.0695,3.7476,5.9154,4.6504,5.0909,4.0214,5.9567,4.9178,4.3631
TCGA-NORM-138,Normal,0,5.2789,7.6796,5.0504,5.5195,4.0248,4.1007,3.8037,5.399,5.3039,4.8942,4.4713,6.1586,6.0215,4.2574,4.2348,4.5329,4.1455,4.9934,4.5635,4.2399,4.3966,4.9096,4.3338,5.3295,5.4843,5.1487,3.9495,6.2835,6.0912,4.088,5.4524,4.0913,4.3377,5.7648,5.2098,5.1838,4.6796,3.7059,5.475,4.4847,3.9164,5.4733,4.187,5.9962,4.9648,5.6738,5.3367,4.9372,5.0094,3.8212
TCGA-NORM-139,Normal,0,4.6309,6.5257,6.1954,5.7492,3.5359,4.8306,3.3005,6.3097,5.1569,5.8739,3.4457,6.6608,5.1721,4.1663,3.9509,3.6141,4.7119,5.9672,6.1504,4.6844,5.8486,4.4113,4.8672,4.652,5.0911,5.9693,4.179,5.0964,5.277,4.4741,4.8569,4.352,5.0035,6.6114,6.7315,5.7895,4.8146,4.6659,6.2074,4.0901,3.6765,5.6786,3.9511,5.6982,4.0049,5.2078,4.0547,6.0851,5.1927,4.3806
TCGA-NORM-140,Normal,0,5.0886,6.5246,6.036,5.8002,4.0594,4.2091,4.4738,5.6683,5.3202,5.7372,4.3986,5.3338,6.153,4.362,4.7184,4.7531,5.3929,5.7635,5.5562,5.2904,5.4772,4.3214,5.0355,5.1354,4.8643,5.9096,4.4235,4.747,5.884,4.127,6.2585,3.6437,3.8926,6.1022,6.6362,5.9582,4.8099,3.7076,4.9847,5.1135,3.6546,4.85,4.3011,5.5585,5.2917,6.0083,3.9786,4.7246,4.1742,4.0545
TCGA-NORM-141,Normal,0,5.1689,5.9053,5.8177,4.632,4.7023,4.0934,4.1333,5.8638,4.7503,5.0389,4.4808,6.3133,6.3039,4.6132,4.4644,3.6268,4.5477,5.1421,5.8292,4.9498,6.0373,4.5758,4.3226,4.8587,5.1097,5.3048,4.2663,5.0387,6.0258,3.1659,5.8792,3.9536,3.5257,6.6185,6.4537,6.343,5.0305,5.1418,5.7567,4.8979,4.4228,5.649,3.7249,5.7072,4.4303,4.5105,4.7479,4.2954,5.2266,4.7961
TCGA-NORM-142,Normal,0,4.6094,6.8463,4.9532,5.8531,4.6471,3.571,5.3476,5.8769,4.9276,4.9246,3.9463,6.0765,5.8776,4.3331,4.685,4.2291,3.7986,5.0873,3.8849,4.7999,4.9054,4.3804,5.2341,4.3791,5.4809,5.5324,5.2282,4.967,4.9251,4.4114,5.1405,3.9965,3.9281,6.0675,6.7284,4.9081,4.6805,4.4961,5.5924,5.5578,4.235,5.0063,4.3422,6.0452,4.3936,5.6898,4.3921,4.8691,4.9652,5.0156
TCGA-NORM-143,Normal,0,3.3745,6.2696,5.6258,4.5607,4.4826,4.5573,4.3931,4.7123,5.9373,5.2258,4.3542,6.4673,5.4369,4.7644,4.2265,3.4714,5.1948,4.8057,4.5658,4.4593,5.4686,4.2811,4.8893,4.2032,4.6693,5.6752,5.2933,5.0801,5.7917,4.1195,5.119,4.2641,4.0673,6.3592,6.743,5.9403,5.2043,3.7807,5.3187,4.6424,4.41,4.9279,4.4041,5.5816,4.5887,5.7666,3.7564,6.0989,5.0753,3.4954
TCGA-NORM-144,Normal,0,4.8951,6.1066,5.5735,5.7631,4.6796,4.4772,4.3304,5.8586,6.1214,4.8921,4.1081,6.1631,6.1973,4.0874,3.6154,4.4741,4.7959,5.8248,4.3786,5.1603,6.4114,4.1369,4.0618,4.6229,5.0097,5.9811,4.1732,5.8312,4.8018,3.3195,5.8346,3.3516,4.0513,7.4905,6.119,5.2741,4.6443,4.192,5.5776,5.2664,3.8009,5.8488,4.186,6.3276,4.2866,6.0364,4.5701,5.269,4.7829,3.9581
TCGA-NORM-145,Normal,0,5.1337,5.8919,5.2262,5.0276,4.6578,4.0601,4.0748,5.9124,4.4596,4.8958,4.1966,5.8021,6.3069,4.9022,4.7236,5.2224,4.6319,5.4465,4.6873,5.7443,6.2387,4.3122,4.8167,5.4177,4.9371,5.4319,4.8326,5.1666,5.3857,3.7268,4.5636,4.4814,4.5503,5.9859,6.7708,5.4617,4.1955,4.1846,5.4681,5.3148,3.9198,5.705,4.9608,5.9829,5.1317,4.9821,5.1696,5.6154,5.5913,4.3997
TCGA-NORM-146,Normal,0,3.4946,5.8028,5.3287,4.8768,4.3983,4.1547,3.7567,5.4291,5.0005,6.0624,3.7478,5.9021,5.6259,4.6197,4.6053,3.0334,5.1291,5.8008,4.4777,4.2032,5.1435,3.9667,4.7435,3.9301,4.5003,6.42,4.0216,5.6909,5.4632,3.288,5.6225,4.3222,3.9382,6.1978,6.338,6.0969,5.2004,4.3985,4.8863,4.7552,5.5929,5.4154,5.1418,6.6285,4.6781,5.5932,4.6693,4.3621,5.2109,4.9515
TCGA-NORM-147,Normal,0,4.5542,6.277,5.9936,4.9077,4.1402,3.8851,3.7578,5.3262,4.9173,6.1965,3.6333,6.1907,5.6051,4.9976,4.99,4.7923,4.8071,5.0505,4.4139,5.5153,5.0042,4.6055,5.1195,4.5561,5.4705,6.0713,5.2169,4.9201,4.7247,3.8747,5.4306,4.4013,3.9661,5.2284,6.3361,6.666,4.8791,4.489,5.7629,5.147,4.6877,5.2673,3.935,5.6423,4.4573,5.5989,4.5435,5.2856,5.4004,4.7816
TCGA-NORM-148,Normal,0,5.4012,6.1267,5.0219,5.1618,4.3631,3.5171,4.7527,5.9697,5.4941,6.1722,3.7617,6.3921,5.7819,4.3843,4.0525,5.153,4.5004,5.4692,4.1065,5.1717,5.8196,4.3507,4.5406,4.986,6.0333,4.9339,4.7912,4.7211,5.2943,3.9906,5.1439,4.3704,3.6327,6.5507,5.317,6.0214,4.5232,3.688,5.5964,4.2677,4.2864,4.4491,4.2832,5.5845,4.3664,5.5898,4.3381,5.1181,4.5215,4.6906
TCGA-NORM-149,Normal,0,5.6182,7.3481,5.6514,5.6717,3.542,5.0194,4.4771,5.6878,5.8792,5.4432,3.8392,6.3477,5.3529,4.9269,3.9248,3.931,4.26,5.4962,4.6727,4.0341,5.0735,4.2925,4.1113,4.2877,5.9534,5.3401,4.2939,4.9661,5.1137,4.3818,5.7633,4.2375,3.5867,6.661,6.0815,6.5571,3.6596,4.3028,6.3687,4.8094,4.167,5.2224,3.8242,5.8601,4.4173,5.1752,5.2387,5.3516,5.3155,4.7705
TCGA-NORM-150,Normal,0,4.705,5.7432,5.3392,5.3179,3.8666,4.1181,3.8955,6.8616,4.0742,5.4769,4.8218,6.1886,6.1704,4.5121,4.0997,3.3946,4.7618,4.8054,4.5901,4.4162,6.1313,5.3891,4.7405,4.5969,4.4736,5.9382,5.2416,5.02,4.2328,4.4037,5.78,3.6615,4.2225,6.2906,6.0915,5.4226,5.1273,4.0334,4.837,4.0461,4.8359,5.3669,4.1152,5.8024,4.3313,4.9735,4.4916,4.1901,4.8715,4.2668
TCGA-NORM-151,Normal,0,5.0984,6.0736,5.9681,5.9242,4.8194,4.5549,4.1331,5.4642,5.6554,6.3136,4.1992,6.9966,5.1449,3.9478,4.7849,4.5224,5.2605,5.1475,4.5597,4.5446,4.6564,3.799,5.0803,5.1988,5.1667,4.9529,4.278,4.5801,5.8328,3.8395,4.848,4.3886,3.855,6.7552,5.7937,5.1488,3.7013,4.201,5.2524,4.3253,4.8036,5.3896,4.063,6.6145,4.8675,5.0873,4.2181,5.5122,5.3811,4.4831
TCGA-NORM-152,Normal,0,4.4431,6.3651,5.2704,5.2712,4.9944,4.0458,3.4199,5.4319,5.7699,5.6724,3.9873,5.9047,6.0498,4.085,4.5376,4.0744,4.2654,4.8676,4.7813,4.6187,5.452,2.6471,4.2793,4.6298,5.6806,5.2414,4.5125,5.8041,4.7125,4.2795,4.9756,4.1481,3.7817,5.7582,7.3493,6.1585,5.1659,4.4363,4.7825,5.1461,4.7513,4.7054,4.5101,6.3175,5.4027,5.2695,4.1918,4.9814,5.8488,3.5839
TCGA-NORM-153,Normal,0,3.8932,6.1318,5.4112,5.3205,4.7686,4.0945,3.2849,6.8256,4.8737,5.0812,4.542,5.9608,5.8028,4.6844,4.8876,4.2534,5.3533,4.1934,5.2922,4.2629,5.9636,4.3708,4.3399,5.1043,5.4053,6.0162,3.9759,4.9135,5.3015,4.0836,5.674,3.4684,4.2936,5.9571,5.7471,5.4444,4.5736,2.5944,5.1897,4.5742,4.5082,4.7269,3.9789,6.6945,5.0168,5.8636,4.4608,5.3885,5.0975,4.3184
TCGA-NORM-154,Normal,0,5.0083,5.8229,6.2822,5.245,4.6215,4.9982,4.592,5.2716,5.5227,5.9406,4.4466,5.6328,5.5357,4.9147,4.0572,4.2686,5.3785,5.133,4.6232,4.2458,5.4958,3.707,4.5314,4.9559,5.588,6.0278,4.118,5.6616,5.1685,3.5461,5.2592,5.0223,4.2175,6.0932,6.8611,5.1344,4.0916,3.4877,5.673,5.0433,4.9627,5.199,3.8938,6.0013,4.6223,4.7053,5.9054,5.3781,5.2973,4.6835
TCGA-NORM-155,Normal,0,5.1432,6.0283,5.3263,5.5868,4.5168,3.9787,4.7663,6.0376,5.6509,6.1841,4.0551,6.2764,6.1959,4.141,4.4243,4.46,4.2391,6.1974,4.317,4.0566,5.9375,4.6279,4.181,5.0793,5.6639,5.7138,5.6088,4.3555,5.6155,4.6271,5.7377,4.2832,4.0124,6.2874,6.4915,6.0496,5.1382,3.7564,5.4028,4.5453,4.0947,5.5462,4.1242,7.1736,4.6563,5.4844,4.7335,4.8571,5.1767,4.9142
TCGA-NORM-156,Normal,0,4.8753,5.7345,5.1941,5.1145,4.3765,4.8803,3.5246,5.7617,5.3874,4.7326,3.6702,5.8279,5.4732,4.5535,4.3278,4.1536,4.8619,5.9298,5.6879,3.7755,5.6058,4.2268,4.7125,4.6268,5.0563,5.7955,4.1788,4.728,5.1014,4.2076,5.6061,4.7592,3.9207,6.2153,6.5575,6.303,4.6437,4.1155,5.5913,4.451,4.1814,5.4245,4.3645,5.8789,4.6673,5.0865,5.0023,5.1091,5.0786,4.2439
TCGA-NORM-157,Normal,0,4.7957,5.89,5.9066,5.1392,5.0601,5.0025,3.7266,5.937,5.0297,5.4108,4.9464,5.9954,5.9935,4.7107,3.9497,4.0187,4.1266,4.7558,3.6678,4.8858,6.2705,4.3734,4.0054,4.5167,4.7969,5.2695,4.8264,5.4959,4.7834,4.4285,6.0237,5.2313,5.4325,5.6817,7.3953,5.6191,4.4035,4.3621,5.2434,5.1479,3.6744,4.982,4.6542,5.9748,4.633,5.6714,5.2126,4.3993,5.4658,4.286
TCGA-NORM-158,Normal,0,4.899,6.5685,5.073,4.8614,3.4723,4.0961,4.7265,5.8513,4.7194,5.3392,3.3757,5.6275,6.0063,3.9389,4.9007,4.3715,4.7079,5.0292,5.2981,4.9931,5.4969,4.561,4.5473,5.05,4.8513,5.7284,4.3157,4.9256,4.9932,4.3127,5.9264,4.9021,3.5777,6.6677,5.9812,6.0488,4.2624,4.2788,5.6465,4.3003,4.5422,5.6951,3.9971,6.6126,4.484,5.8399,3.6874,6.2326,5.8757,4.2786
TCGA-NORM-159,Normal,0,3.9365,6.2212,4.9606,5.5172,4.5284,3.9196,4.6322,6.2681,5.7616,5.5617,3.4083,6.5738,5.7097,3.8417,5.0084,5.3482,4.6508,6.1261,4.9914,4.4695,5.0624,5.0436,4.2917,5.1369,4.7517,5.5202,4.9029,4.9603,5.1212,4.612,6.0554,4.6653,3.8485,5.8578,6.1604,5.9229,4.2256,4.5402,5.5438,4.1963,3.8505,4.8625,4.0429,6.8507,4.6765,5.0792,4.785,4.9857,5.3489,4.6679
TCGA-NORM-160,Normal,0,5.3681,6.0806,6.3479,5.7257,4.0249,5.3376,4.2749,5.5298,6.0663,6.4928,4.0304,5.9072,5.7538,4.7888,4.9751,4.6602,4.7151,5.8286,4.8095,5.1046,5.2164,4.5008,4.5916,4.7809,4.8335,6.3326,4.1095,4.7982,6.2578,4.5422,4.2633,4.1208,3.3277,5.6597,4.7121,5.7168,4.1563,4.2418,4.774,5.0056,4.0818,5.7653,4.7108,6.3539,4.4223,6.351,3.9869,4.5125,5.1651,5.421
TCGA-NORM-161,Normal,0,4.7329,6.0091,4.9615,5.7427,4.7722,4.6983,3.8446,5.5876,4.7405,5.5955,3.5591,5.604,5.6407,4.247,4.1579,4.6134,4.7049,5.0248,5.0326,4.1945,5.3935,4.3747,3.9663,5.2541,4.6067,5.768,4.9633,5.5479,5.3188,3.9391,5.763,4.6788,3.8648,5.7298,5.1918,5.8478,4.6329,4.7262,5.6669,5.5687,3.9547,5.6016,3.8376,6.3504,3.9129,5.5634,3.7927,5.0239,5.4009,4.1722
TCGA-NORM-162,Normal,0,4.3513,6.4723,5.5638,5.0967,4.3621,5.5297,4.6469,6.4287,5.5184,5.6327,2.967,5.8283,5.6151,3.6234,3.8792,3.5121,4.6521,5.5229,5.4483,4.8274,4.9125,3.4375,3.8521,4.235,4.6034,5.6555,3.9829,5.2839,5.1988,4.1069,5.8497,3.844,4.3315,6.0813,5.9743,6.1768,5.0657,3.789,5.4233,5.0949,4.1456,5.3526,4.2022,6.8252,3.8807,5.4025,4.2769,5.416,4.475,4.5625
TCGA-NORM-163,Normal,0,4.5405,5.7612,4.9595,5.1078,4.8313,4.3319,4.4102,6.6547,5.4411,5.3063,4.2555,5.8889,5.6044,3.7832,4.8168,4.2298,4.7513,4.6883,5.1465,4.2978,5.2823,4.7019,4.9986,4.7961,4.2077,7.0742,5.2249,5.4565,4.9644,4.0511,5.0921,4.9439,4.2612,5.7347,5.9126,6.283,5.3902,4.9026,5.846,4.8547,2.8098,5.2231,4.0748,6.0635,4.5936,4.8607,4.9366,5.4286,5.5098,4.8326
TCGA-NORM-164,Normal,0,5.0958,5.9071,5.5785,5.3581,4.3917,4.7924,4.4174,6.8404,6.3154,5.5936,2.3188,6.6904,5.5882,4.1065,4.2207,4.2025,4.9449,4.4527,4.4653,4.7951,5.6264,4.5956,4.2886,4.3658,4.7754,5.8353,5.1077,4.21,5.204,3.5025,4.5931,4.8103,4.3882,6.2898,6.5389,5.5626,4.4755,5.1985,5.3944,5.2991,4.2714,4.2577,3.1556,5.74,5.0446,5.8123,5.0971,4.7,5.9299,3.9725
TCGA-NORM-165,Normal,0,4.9198,6.0869,5.5321,5.9194,4.0259,3.7359,4.1368,5.7257,6.8423,5.8622,3.8611,5.6586,4.9852,4.0058,4.4517,5.0458,5.1741,5.2576,4.8049,4.7617,5.1127,5.0802,4.5576,4.7671,4.0062,5.6394,4.8157,4.6508,4.9655,4.4589,4.6721,4.8512,3.9036,5.9127,5.6186,5.9486,5.7771,4.5666,5.1164,5.4794,4.126,5.7079,4.4387,4.6761,4.1175,5.8825,4.754,4.6835,4.9176,3.5489
TCGA-NORM-166,Normal,0,4.7842,7.0864,5.9726,6.3027,4.7403,4.8056,5.0161,6.0754,5.2382,6.0225,4.6995,5.9178,5.5067,4.5296,4.7742,4.7626,4.0285,6.0147,4.6618,4.5214,4.9399,5.5211,4.7517,4.4231,5.3921,6.0735,4.3548,5.5096,4.9319,3.8804,4.432,3.7794,4.9565,6.8262,6.154,6.5268,4.5981,4.1053,5.5307,4.9121,4.1716,5.6039,4.1432,6.3211,5.0334,5.6322,4.2491,4.5354,5.2697,4.3296
TCGA-NORM-167,Normal,0,4.8633,6.0843,6.773,4.7184,3.4478,4.4928,3.9584,6.0478,5.5852,6.1356,3.367,5.8833,6.0243,4.8139,5.3871,4.8336,4.6438,4.7538,4.6963,4.374,5.6409,4.4225,4.0471,4.6098,5.3983,5.8856,4.6952,5.3036,6.0352,4.2084,5.1629,3.9631,4.2554,4.9892,6.0415,5.6858,4.0561,3.7972,5.8697,5.0722,4.3143,5.2272,4.1173,6.5598,4.6249,4.8014,5.4193,5.3108,4.9376,3.8426
TCGA-NORM-168,Normal,0,5.0021,6.0388,6.3188,5.1614,3.9664,4.7463,4.5442,5.9815,5.6268,5.5408,4.1505,6.658,6.1128,4.391,5.0086,3.3393,5.5928,4.3868,4.6681,4.6223,5.2802,4.7598,4.1667,4.9233,4.7432,5.8602,4.4101,5.1731,5.0558,3.8727,5.4659,4.7998,3.8739,5.6966,6.4004,5.7638,5.0439,3.8073,4.7046,4.7285,3.9236,5.0539,3.7891,6.334,4.4396,5.5253,4.7567,5.2319,5.1919,4.6365
TCGA-NORM-169,Normal,0,4.4659,6.7213,5.5039,4.7269,4.4279,3.9602,4.4272,6.8999,4.9685,5.7073,3.2553,6.3381,5.4328,4.186,3.9044,4.733,5.1226,5.165,4.5613,5.356,5.0084,3.334,4.849,4.3088,5.4482,5.5559,4.711,5.762,4.7593,3.8475,5.3025,5.0671,3.8468,5.82,6.3396,5.5187,4.7388,3.5167,6.5018,4.3619,4.1237,5.0748,4.9364,5.4043,5.462,5.7983,4.8735,4.7011,5.4598,4.0811
TCGA-NORM-170,Normal,0,5.394,5.6546,5.5595,5.0672,3.8989,4.6768,4.3687,6.4496,4.5215,6.0366,5.1727,5.9306,6.6842,4.3487,3.7824,4.266,5.141,4.7773,4.6801,4.9078,5.3475,4.57,4.7497,5.0218,4.8088,5.8317,4.022,5.7111,5.0179,4.6102,5.2315,4.4661,3.9204,5.6304,5.3392,5.3036,4.5244,4.3102,5.96,4.7677,3.8716,4.4402,4.2917,6.6229,5.1392,5.777,4.9731,5.9081,5.3522,4.6974
TCGA-NORM-171,Normal,0,4.6796,5.4787,5.3027,5.3129,4.3706,5.21,4.1644,6.4361,5.1267,5.4175,3.4472,5.7998,6.0685,4.4705,4.8243,4.4851,4.5107,6.1212,4.908,5.1641,5.1655,4.6262,5.0603,4.8998,3.9438,5.7356,4.993,5.3687,5.5039,3.3272,5.0124,4.5603,4.3278,6.6341,6.0592,5.9611,4.6775,3.7708,4.4902,5.1623,4.3468,4.8112,3.347,6.2839,4.4497,5.7081,5.5246,4.1805,4.8879,4.3125
TCGA-NORM-172,Normal,0,5.4787,5.3552,6.4815,5.3782,4.3,4.2541,3.9315,6.3772,4.8416,5.7132,3.8724,5.7908,6.9951,4.6557,4.676,4.9155,4.0297,5.943,3.8212,4.2948,5.1395,4.5687,4.7411,4.7309,4.998,5.2873,3.7655,5.4582,5.6155,4.8152,4.9811,4.6869,4.0154,6.6233,6.5843,5.8735,4.5174,4.6473,5.7964,4.6603,3.671,4.9595,4.7576,6.5164,4.0688,4.9321,5.2594,4.6331,5.4319,4.1294
TCGA-NORM-173,Normal,0,5.5517,5.7449,6.1249,5.4002,4.4567,3.4565,3.1365,5.8063,5.4336,5.0514,3.5554,6.3865,6.0847,4.4052,4.7511,3.8751,4.5092,5.896,4.981,4.6975,6.3838,3.6772,5.0011,5.5548,4.8572,6.1142,3.9974,4.8223,5.4765,4.4615,5.841,5.0815,4.1128,6.6247,5.9704,6.1844,4.7635,4.4154,5.6959,4.2462,3.7626,5.1355,3.3164,6.3745,4.9615,5.6048,4.1813,5.7652,6.1195,4.4729
TCGA-NORM-174,Normal,0,5.0537,6.1824,5.8491,5.2632,4.3277,4.7508,5.1833,5.2756,5.2757,5.0266,4.7617,5.8693,5.1819,4.7543,5.185,4.7021,4.7615,5.3386,5.587,4.2473,5.2957,4.1032,4.1172,4.6582,5.5018,5.9824,4.7292,5.1972,5.5388,3.7419,5.1973,4.4616,4.268,6.2316,6.0621,5.6086,6.0911,4.6229,5.6912,4.8634,4.0654,5.0305,4.2074,5.1543,3.8631,5.171,4.779,5.0365,5.8679,3.7396
TCGA-NORM-175,Normal,0,4.4859,6.7756,5.6694,5.7152,5.2663,4.031,4.0831,5.783,4.4429,5.4181,4.4418,6.3771,6.11,4.2982,4.1048,4.9747,4.4455,5.2868,5.0238,5.2985,5.7832,3.724,4.1083,5.0665,4.9744,5.5226,4.8963,5.2157,5.3269,4.4531,5.1678,5.081,3.7885,6.3832,6.7696,5.1587,4.5156,4.7289,6.0261,4.8912,3.9379,5.5196,4.6083,5.4764,4.0276,5.5589,4.969,5.0096,5.5084,4.0871
TCGA-NORM-176,Normal,0,3.8724,5.9008,5.6388,5.1929,3.8219,3.5261,3.8964,6.3095,5.8877,6.0922,3.6781,5.6146,6.0549,4.7529,4.5801,3.4972,4.2792,5.1411,5.1695,4.986,5.411,4.4557,4.6809,5.1145,5.1441,5.757,4.3185,5.1679,5.5214,4.2226,5.508,4.9794,4.2624,5.7955,6.522,5.1637,4.1835,4.366,5.7377,4.4081,4.0962,4.8167,3.8567,6.4251,4.8872,5.4489,4.4401,4.5368,5.8418,4.6731
TCGA-NORM-177,Normal,0,4.506,6.4154,5.5788,5.1878,4.5391,4.0095,3.9731,5.9602,5.0977,5.8588,4.8864,5.7944,5.0821,3.5664,4.3323,4.1051,4.7629,5.2141,4.2288,3.824,5.4792,4.3678,4.4511,4.0603,5.2155,6.2997,4.5644,4.75,5.3234,3.4874,5.8127,4.412,3.3474,5.9522,6.3329,5.6286,4.546,3.6639,5.7603,4.6765,3.2981,4.9223,4.5172,5.8264,5.3514,5.6506,4.8382,5.0864,5.172,4.2881
TCGA-NORM-178,Normal,0,4.688,6.3305,5.1893,4.8329,3.8378,5.2637,4.3664,6.0426,4.8466,5.8383,3.9928,6.2302,5.3919,4.5393,4.2093,4.059,4.9997,4.4625,5.2044,4.9487,4.9502,3.9377,4.5424,4.9329,4.9346,5.9225,5.2326,4.9028,4.5315,4.4739,6.0941,4.5519,3.6536,6.0318,5.6211,6.0678,4.0621,4.0798,5.0534,5.0254,4.1036,5.1689,4.0857,5.5565,4.8514,5.4356,4.2409,6.1526,5.4172,4.3377
TCGA-NORM-179,Normal,0,5.4608,6.9204,5.545,5.4734,3.8986,4.277,4.0382,5.9888,5.4722,5.8097,4.1522,5.589,5.4091,4.2213,4.273,4.8763,4.146,4.9936,5.3791,4.5058,5.5533,4.2441,4.7583,4.7032,5.3035,5.0321,4.2758,5.2648,5.5435,4.774,5.1606,5.0409,3.8466,6.6854,6.4923,5.3674,4.8083,4.1918,5.7868,4.8679,4.1302,5.7055,4.0312,6.3724,4.4679,6.2075,4.3805,4.8678,5.8888,4.2065
TCGA-NORM-180,Normal,0,5.5445,6.4929,5.5408,4.5011,4.3345,4.3889,4.653,6.6204,5.0142,5.9183,4.3897,6.6168,6.0558,3.593,4.3301,3.8834,4.5782,5.5955,5.0876,5.1573,5.4999,3.7226,3.5083,4.873,4.9071,5.2878,3.674,4.8007,5.2158,4.4018,5.4215,5.0988,3.6771,6.484,6.1457,6.0911,4.4737,4.6971,5.6382,4.6626,4.2631,4.9816,4.2958,5.4696,4.5561,5.6354,4.7006,5.7503,5.5511,4.4033
TCGA-NORM-181,Normal,0,4.9215,6.2246,5.7919,4.4955,4.2076,3.6752,4.703,5.8782,5.2354,5.9613,4.2353,5.6259,5.7995,4.3163,3.615,4.0929,4.5867,5.1027,4.2833,5.159,5.3001,4.3238,4.823,4.4514,5.2087,5.5622,4.0358,5.3894,5.9746,4.4284,5.7519,4.1409,3.4242,6.7581,7.0489,6.4727,4.519,3.6953,5.0258,4.2107,4.2202,5.8119,4.0119,6.1366,5.1883,5.2757,5.6018,6.0406,5.1438,4.1468
TCGA-NORM-182,Normal,0,5.1377,5.9352,5.0899,5.8936,4.8906,4.4132,3.5595,5.3523,5.3707,5.3328,3.8918,6.5937,6.1613,5.0873,3.9542,4.2491,5.0109,5.3561,5.6399,4.8299,6.1777,4.5499,5.1207,4.6604,5.0098,6.1373,5.1651,5.4595,5.2659,4.722,4.3502,3.7351,4.4498,6.0939,6.3969,5.8075,4.9271,3.8484,5.762,5.4158,4.8177,5.9955,4.1855,6.1238,3.8839,5.2184,4.5989,5.6168,4.9278,4.765
TCGA-NORM-183,Normal,0,4.8233,6.0118,5.7224,5.141,4.1502,3.576,4.0162,5.6896,5.0903,5.7454,4.3417,6.2383,6.2793,4.7261,4.2672,4.1952,4.8101,5.4127,5.5793,5.1767,5.1024,4.261,4.9447,5.2866,5.4259,5.6986,3.875,4.6818,5.426,4.2562,4.8422,4.3952,4.4272,5.5695,6.6216,5.6086,5.2361,3.9748,5.0433,4.7622,4.2257,4.9146,3.9785,6.1508,4.4923,5.4278,3.9166,5.3204,5.1626,5.1313
TCGA-NORM-184,Normal,0,4.4012,5.2778,5.8885,5.473,3.8894,3.6548,4.8196,6.5419,4.2031,5.3516,4.7942,5.9196,5.6106,4.3399,3.8956,3.6363,5.143,4.3251,5.0616,5.0397,4.693,3.891,5.1886,5.0458,4.7256,6.2684,4.9822,5.2524,4.8982,3.9161,5.4655,4.2903,4.5656,5.3991,5.452,5.8599,4.449,3.9327,4.7097,4.9771,4.2447,5.3835,4.1067,5.9408,5.099,4.8669,4.9271,4.3921,4.8255,3.861
TCGA-NORM-185,Normal,0,5.1759,6.0621,5.6043,4.819,4.2084,3.9996,4.3003,5.4596,5.9209,4.8037,3.6824,6.8885,5.6356,3.8755,4.4986,4.1896,4.2932,4.6613,6.196,4.5275,4.4796,4.9791,4.9177,4.4611,4.5835,6.0304,4.3282,4.2646,6.1076,3.9069,6.0096,4.9504,3.6927,6.5525,5.8312,4.9385,4.4791,4.3938,5.2971,4.8302,4.7831,5.1373,3.6962,6.3164,4.6583,4.3228,4.8785,5.3205,5.2118,4.8079
TCGA-NORM-186,Normal,0,4.5214,6.243,4.9053,5.5002,5.2221,3.8955,3.7859,5.5861,5.381,5.0794,4.2348,6.5149,6.0718,3.6714,4.8478,4.8253,5.0429,5.3222,5.0494,5.1053,6.2117,3.878,5.1279,4.7672,4.945,5.0359,4.3111,4.6825,5.0946,3.608,5.1346,4.1924,4.1867,5.3609,5.4739,5.9413,4.3113,4.6984,5.6067,5.2414,4.9033,4.95,3.8171,6.3928,4.7986,5.3733,5.3119,5.0486,5.2175,4.4162
TCGA-NORM-187,Normal,0,4.4034,6.1265,6.2389,5.5173,4.3572,4.2704,4.2767,6.243,5.5966,5.4084,4.1914,6.3498,5.3781,4.5428,3.4274,4.6206,4.9665,5.4909,4.7725,4.7798,5.9869,4.9431,4.6296,4.8687,5.5033,5.052,4.2939,5.7323,5.7422,4.2684,4.659,4.3527,3.8777,6.2365,5.7602,5.3169,3.741,4.7647,5.3254,5.0391,4.2675,4.609,3.5091,5.5481,4.2439,5.6225,4.3277,5.9301,5.665,4.7704
TCGA-NORM-188,Normal,0,4.7701,6.773,5.5123,5.303,4.4197,4.659,4.4144,5.6918,5.0826,5.8457,4.3671,5.9568,5.1171,4.3739,4.6806,5.2159,4.1303,4.9625,4.775,5.2508,5.3304,3.8986,4.8941,4.6239,4.4524,5.3256,5.2196,5.3042,5.3518,3.9897,5.4681,4.5013,4.2746,6.1392,6.5153,5.7889,4.2301,3.9393,4.6148,5.8804,4.6567,4.7159,3.9488,5.7139,5.2635,4.8186,4.7373,5.0953,5.5748,4.3599
TCGA-NORM-189,Normal,0,4.0328,5.9786,5.1729,5.3529,4.9886,3.5604,3.7677,5.6569,5.1507,5.8908,3.9672,6.3209,5.5498,4.5706,4.75,4.074,5.0209,5.178,5.4207,4.5501,5.5176,4.2886,4.5994,4.9225,5.2449,5.1651,5.0844,4.2945,4.9951,4.0598,5.5222,5.0844,3.3069,5.8591,5.1673,5.7927,4.7924,4.9307,5.5596,5.4381,4.5312,4.8935,3.4416,6.1243,3.8979,6.0404,4.6128,5.682,4.9867,4.5277
TCGA-NORM-190,Normal,0,4.9182,6.0713,5.4157,5.4937,3.9265,3.7989,4.6871,6.2328,5.3521,6.3071,3.9248,6.729,5.9104,4.006,5.2316,4.8493,4.6149,5.4817,4.7686,5.0138,4.2701,3.848,5.0834,4.6937,5.0967,5.1213,5.2708,5.6671,5.213,3.9201,5.7999,5.2673,4.5723,7.0649,5.7093,5.4098,4.1351,4.4137,5.5843,4.9,4.6327,5.6439,3.3891,5.7319,4.9384,5.2471,4.3266,5.6025,4.6225,4.271
TCGA-NORM-191,Normal,0,4.9719,5.8334,5.9628,5.0611,4.9771,4.2866,4.4299,6.2413,5.0401,4.6337,4.2076,6.1663,6.0815,4.3652,4.2063,5.3073,4.0068,5.4847,4.6917,4.4896,5.2034,3.9453,4.8998,5.4318,5.2149,5.7739,3.9954,5.3639,6.2737,3.9309,5.1674,4.1227,3.9229,4.8522,6.3067,5.398,3.9455,4.5538,5.0184,4.8159,4.9284,4.4552,3.386,6.1217,5.0866,4.7491,4.8692,5.4056,4.2761,4.766
TCGA-NORM-192,Normal,0,5.2185,5.9513,6.1739,5.8285,4.3896,4.14,3.69,5.8887,5.5788,5.4119,3.0564,6.7047,5.917,4.2963,4.7857,5.0896,3.4085,5.3499,4.3083,4.8653,5.4036,4.593,4.4181,3.963,4.8007,5.9105,4.8962,4.604,5.7655,3.8106,5.4997,4.1457,4.2251,6.4889,5.5722,5.4725,4.7534,5.2956,5.1169,5.8864,5.1705,5.0456,3.9415,5.6891,4.5386,4.8245,4.6515,5.8177,4.9278,4.2984
TCGA-NORM-193,Normal,0,4.0585,6.2599,5.7294,5.3457,4.2457,4.2114,4.3536,5.8926,5.4642,5.6545,4.5508,6.4384,5.9182,5.1504,4.5891,4.9907,4.9425,4.3256,5.5375,4.7015,5.3227,4.4335,4.4875,4.9082,4.737,6.3008,4.3882,4.9592,4.8871,4.2231,5.4208,4.5499,3.6809,5.367,6.4059,6.4466,4.2083,4.9301,5.6331,4.9652,4.0896,4.4664,4.5201,5.6515,4.2184,5.9039,3.8384,4.4585,5.1946,4.5387
TCGA-NORM-194,Normal,0,5.0421,5.9558,6.7491,5.2145,4.2394,3.9845,4.1835,6.1823,5.8641,4.8876,3.9346,6.3348,6.0955,4.4701,4.6441,4.0395,5.3704,5.6011,4.3451,4.1569,4.875,4.612,4.0646,4.657,5.208,5.6976,4.5558,4.6517,5.571,3.8262,5.1905,4.4821,4.1895,6.0983,5.7866,5.6437,4.6711,3.5961,5.2972,5.1428,3.6936,5.6099,4.647,5.4402,5.1802,5.3929,4.8741,4.9207,5.6181,4.5894
TCGA-NORM-195,Normal,0,4.4576,5.5672,4.9533,5.4016,4.6009,4.6361,4.0747,5.3849,5.0155,6.0763,3.8272,6.1983,5.3473,4.6186,4.1941,4.8745,5.0174,4.9314,4.8933,4.3927,4.7073,3.921,4.7319,4.9524,5.0702,5.5916,4.8592,5.1599,5.6198,3.304,3.5715,4.5029,3.502,5.9919,5.9884,6.4928,4.8501,4.2895,5.882,5.1342,4.0625,5.5716,3.5763,6.146,3.8729,5.5493,4.7726,5.8986,4.4985,4.1363
TCGA-NORM-196,Normal,0,5.1942,6.2425,5.6915,4.8868,4.0774,4.9035,4.1046,6.0745,5.2706,5.0254,4.4655,6.3603,6.8689,4.0101,4.7702,3.8133,4.7401,5.5939,4.0178,4.5485,5.0926,3.991,4.8161,5.3103,4.9434,5.8199,4.4907,5.1321,4.8131,4.601,5.4694,4.5528,3.7802,5.8809,6.0451,5.0881,3.9105,3.9445,5.7404,4.6744,3.81,4.7228,3.8708,5.8413,5.5438,5.9321,5.1469,5.67,4.7533,3.8566
TCGA-NORM-197,Normal,0,4.3259,6.6921,5.3642,4.7539,4.1493,4.2358,4.2486,6.0185,4.9498,5.8663,3.7576,6.0635,6.1404,4.1783,4.1438,4.6697,4.2834,4.9813,5.2004,5.565,5.6185,4.5196,4.8816,4.3231,5.0554,5.714,4.584,5.1837,5.4742,3.962,5.363,3.8226,3.9992,6.7134,6.2679,5.7691,5.5234,3.6025,5.0061,5.7391,4.2892,4.9802,3.536,6.202,4.8143,4.965,4.6226,4.9932,5.318,3.903
TCGA-NORM-198,Normal,0,5.3874,6.5037,5.447,5.2197,4.2819,3.9929,3.9282,5.784,6.0482,5.9837,4.4659,6.3003,5.3286,4.4485,4.8367,3.8373,4.9558,6.1996,5.4281,5.277,5.4443,4.7425,4.3197,5.1641,5.2978,5.8578,5.0315,4.8889,5.2191,4.1451,4.8733,4.4773,3.3696,6.5587,6.1454,5.5441,4.2947,4.1093,5.815,5.2148,3.951,4.7087,4.3713,5.6754,4.5963,5.5132,4.8262,5.5304,4.6344,3.5467
TCGA-NORM-199,Normal,0,4.5686,6.9023,6.5204,6.1411,4.2564,3.5412,3.0734,5.6293,5.2333,6.143,4.4358,6.2361,5.4309,4.0348,4.5144,4.7172,4.8457,4.6889,5.2431,4.8324,4.8643,3.9539,4.9525,4.7005,5.7185,5.9529,4.2203,5.1267,5.3318,3.7744,4.9259,4.6908,4.5235,6.3592,6.8063,5.5347,5.4236,3.8095,5.0496,4.1764,4.0679,4.8627,4.3123,6.1103,4.0325,5.2808,4.5186,4.345,4.7613,4.0598
TCGA-NORM-200,Normal,0,5.4691,6.1777,5.9084,4.6427,4.8806,4.9287,3.2285,5.5882,5.5455,5.8477,3.74,5.9963,5.5626,4.5168,4.9387,4.0565,5.1197,4.8027,4.5688,5.0091,5.7609,4.69,4.0506,4.5963,5.3737,5.7461,3.9561,5.3376,4.9816,4.9097,6.0318,4.647,4.7556,6.1167,6.4688,6.4434,4.7806,4.1,4.7382,4.9309,4.639,5.5149,4.3026,5.7569,3.6797,5.2347,4.5488,5.0033,5.4811,5.3002
TCGA-BRCA-001,BRCA,1,8.0428,9.5355,9.2165,9.018,7.0856,9.0521,8.6778,6.0104,5.5512,5.7746,3.1593,6.4522,5.4959,3.9192,3.8478,5.9973,4.558,8.4736,3.492,3.9209,5.416,4.4261,5.0855,5.6968,4.321,5.7012,4.3011,5.3482,5.4111,3.9259,5.1161,3.8169,4.637,6.3172,6.5833,5.6233,4.3417,3.6757,5.6848,4.4484,5.1928,4.4356,4.2125,6.7839,4.8689,9.3081,4.2015,4.4533,5.5878,5.1598
TCGA-BRCA-002,BRCA,1,8.9063,8.9886,8.6941,9.1836,7.0126,8.5625,8.9405,5.6324,5.2712,5.8281,5.0637,6.0229,6.716,3.4878,4.4742,5.9705,4.4031,9.3168,3.8179,3.6282,4.5519,4.6679,3.8241,5.1804,5.0657,5.6422,4.3985,5.3887,4.7146,4.1233,4.7668,4.457,4.4664,6.1705,6.4287,5.4285,4.6391,4.0959,5.3536,4.568,4.0526,4.533,3.2286,5.6501,4.8823,8.5424,4.0575,4.9411,5.549,4.1824
TCGA-BRCA-003,BRCA,1,9.6548,9.6525,9.5609,8.8054,8.1696,8.9754,6.2931,5.8212,5.464,5.5067,2.8069,6.3843,6.591,4.5255,3.8845,5.9012,5.5543,10.1512,4.2568,4.8189,5.0155,4.2066,4.6038,5.0808,5.7578,6.2866,3.7296,5.2433,5.6717,4.4116,5.022,5.8322,3.5046,5.546,6.2412,6.8369,4.2521,4.082,6.044,4.9594,4.1012,5.3722,4.2119,6.5157,5.2151,9.424,4.8316,5.2512,5.4473,4.4343
TCGA-BRCA-004,BRCA,1,9.4498,10.6135,9.7251,7.8483,8.3668,9.2594,6.8513,6.6011,5.3932,6.2238,4.6685,5.4965,6.0614,5.3298,3.9007,6.0062,4.2607,9.137,4.2824,3.6728,5.5165,4.1809,4.5866,4.3875,5.1775,6.2526,4.1183,4.2901,5.1518,4.4803,5.1261,3.6264,4.5247,6.7952,6.1344,4.9756,4.5112,4.2906,5.1005,5.26,3.8148,5.1022,3.9615,6.3084,4.5622,10.0546,4.2843,5.1615,5.0727,3.9714
TCGA-BRCA-005,BRCA,1,9.2699,10.0452,10.2022,10.3117,7.1251,8.5171,8.8881,6.1014,5.3911,6.1526,4.2181,6.1028,6.3525,4.5838,4.4608,6.8517,4.6225,9.593,3.2034,4.2651,4.8468,3.6109,4.2029,4.7189,5.0549,5.5917,3.2614,5.9186,5.8466,4.3251,6.2903,3.8865,5.0869,5.6049,6.2438,5.1416,4.6775,4.408,5.428,5.3253,4.318,4.8282,3.7922,6.406,4.2424,9.966,5.2971,4.3098,5.7692,5.4369
TCGA-BRCA-006,BRCA,1,7.6955,8.9324,9.0806,7.9578,6.7675,7.8725,6.5471,5.7035,4.7974,5.3289,3.9677,5.9307,5.1172,4.3744,3.9206,6.0562,5.0396,8.7127,2.9571,5.425,5.091,4.0064,4.1969,4.834,5.9941,4.9576,3.4108,5.2656,5.588,4.1285,5.6345,3.8095,3.6707,6.1495,7.0034,6.0588,4.9738,3.678,5.7165,4.3773,5.1524,4.5834,3.6774,5.264,4.6122,10.1092,5.4424,5.5324,4.8074,4.8434
TCGA-BRCA-007,BRCA,1,8.0169,10.9054,9.8106,9.8438,7.406,7.4054,8.6573,6.1951,4.0769,6.1661,4.5901,5.9542,6.19,4.0374,4.1649,6.4134,4.5335,7.2385,3.8482,4.6014,5.9453,4.3141,4.4319,5.3285,5.0637,5.3524,5.0168,5.2281,5.3048,4.1911,4.8013,4.1113,4.1449,5.9902,6.7606,5.8872,5.0976,4.2196,6.0335,5.1671,4.2752,5.0827,3.5984,6.254,4.5492,9.4387,5.239,4.519,4.9915,4.9205
TCGA-BRCA-008,BRCA,1,8.6721,9.8361,10.6086,9.8207,7.8225,8.8506,8.9299,5.3022,6.2029,5.495,3.0736,5.7807,5.3551,4.1263,4.1774,6.0723,4.5218,8.9312,4.1382,4.2675,5.9366,3.6943,4.9503,5.6276,4.9147,5.8241,3.9553,4.8754,6.0872,4.4764,5.5459,3.4062,3.7849,6.957,6.3298,6.0463,4.7554,3.9084,5.6716,4.2032,3.4658,4.7218,4.1717,5.2157,4.6328,9.6241,4.2559,5.7939,5.2214,3.9548
TCGA-BRCA-009,BRCA,1,9.4948,9.279,9.6348,8.6115,7.1308,7.6756,7.9263,6.3887,4.7583,6.194,3.2652,7.1925,5.6257,4.54,3.454,6.3972,4.7836,9.7101,2.8988,4.1674,5.9113,4.3223,5.4131,4.5428,4.786,6.1352,3.6278,4.5246,5.8521,3.5162,4.4271,5.3094,3.4462,6.1796,6.1589,4.3732,4.5365,4.4391,5.6825,5.4201,4.0747,5.4456,3.731,5.2953,3.9205,8.6608,5.1906,4.3869,5.3398,4.2737
TCGA-BRCA-010,BRCA,1,9.2996,9.7308,9.8125,9.4167,6.703,7.6744,8.5641,5.1141,5.5551,4.9806,3.4762,5.7747,5.9284,3.8229,4.0915,6.6733,4.0642,9.0125,2.8683,4.5316,5.9823,3.6447,4.5879,4.8724,4.6,5.6886,4.72,4.8977,5.6855,4.2986,5.0451,4.9389,3.7726,6.5155,5.7629,5.6204,4.5888,4.3842,4.2986,5.1973,4.2172,5.2323,4.3269,6.1974,3.5656,9.5137,4.8522,5.244,4.808,4.7755
TCGA-BRCA-011,BRCA,1,8.5323,10.2494,9.9924,10.745,9.413,7.7602,7.8574,5.1413,5.4777,5.0002,3.6487,5.5384,5.6012,4.4532,4.5368,5.815,5.204,9.6809,3.3522,4.7539,6.3279,4.4745,4.4613,4.0423,4.8936,5.8449,4.2455,4.2986,4.878,4.8295,6.0536,3.9318,4.4795,5.4983,6.8265,5.9011,5.145,3.3573,5.8441,4.9645,4.6944,5.5468,4.1085,5.7001,4.9592,8.3939,4.2494,4.6841,4.4642,4.1515
TCGA-BRCA-012,BRCA,1,8.2814,9.7965,9.8239,8.3467,8.2089,8.472,7.2644,4.9556,5.2039,5.7221,4.4506,7.0105,6.3906,4.5495,4.2574,5.4899,5.3472,9.9162,4.2789,4.3456,4.7256,4.1067,4.4913,4.9019,4.6346,5.7399,5.0281,4.2948,4.2449,4.7251,4.6048,4.1851,4.4474,6.0579,6.0877,5.8147,5.9295,5.1052,5.1585,5.4938,4.5212,5.0796,3.6217,6.2262,4.4163,8.1721,4.3022,5.6441,4.8189,4.0259
TCGA-BRCA-013,BRCA,1,8.3496,8.6508,10.107,9.3696,7.8246,6.9856,9.2058,5.9773,4.9093,5.3616,4.8844,6.0973,5.7405,3.9965,3.4527,5.6405,4.8321,8.8323,3.0001,4.0782,5.0557,4.3051,4.5702,4.7452,5.2074,5.2757,4.9064,5.348,5.1434,4.9026,6.1148,4.8416,2.6338,6.877,6.5218,6.7817,5.2889,5.004,5.9446,5.6427,5.2655,5.1977,3.2895,5.8468,4.7643,10.0181,4.0625,4.3286,4.8322,4.8105
TCGA-BRCA-014,BRCA,1,6.7602,10.6787,9.6588,8.7979,7.975,9.0475,8.3834,6.006,6.0605,5.5891,4.1894,5.5029,5.8079,5.1943,4.6144,5.423,4.1824,8.0096,4.5713,5.079,3.6189,4.2662,4.7165,4.3249,4.8081,6.3929,4.6437,4.8815,5.2097,3.9883,5.4776,3.6603,3.8082,6.6052,6.0881,5.3535,4.2658,4.5753,5.2464,5.2238,3.9551,4.5244,4.1979,5.9518,4.9119,10.1598,4.5068,5.3186,5.0084,4.7235
TCGA-BRCA-015,BRCA,1,7.7352,9.4834,9.8758,7.7019,7.9917,7.3706,8.8005,5.2371,5.3163,5.3936,4.0202,6.8697,5.9202,4.0698,4.0444,6.5387,5.3187,9.2934,4.2531,4.9456,6.0556,3.3321,4.9763,5.2979,4.334,5.2846,4.0139,4.7669,5.0625,4.2235,5.7694,4.9158,3.7242,5.6652,6.7823,6.1018,4.7116,4.4515,5.4904,5.2306,4.1005,5.2238,3.3204,5.6566,4.2308,8.8647,4.2225,4.8774,4.4456,4.681
TCGA-BRCA-016,BRCA,1,8.272,9.8643,8.6434,8.1274,8.7068,8.7252,8.538,6.5381,5.0244,5.7481,3.1437,6.1832,5.7028,3.876,4.5993,6.1395,5.5354,8.5996,3.7215,4.6621,5.2056,4.0423,4.677,5.3371,4.1673,5.3244,3.9141,4.5827,5.4747,4.3969,5.8692,4.6777,4.4862,5.3816,6.8662,5.6736,5.1866,3.5268,5.3846,5.4398,4.2824,4.7124,4.7306,5.4148,4.5591,9.162,5.7336,4.915,5.0645,4.1843
TCGA-BRCA-017,BRCA,1,9.0677,10.8771,10.3111,8.8638,8.0964,8.4247,7.2872,6.0554,5.1194,5.8263,4.5174,6.2314,6.664,4.3778,4.7124,6.7856,4.6207,9.9233,3.6577,4.4294,4.6898,4.4276,4.8053,5.3956,5.3989,5.585,3.8502,5.3477,5.8587,4.4798,5.8788,4.2692,3.9098,5.7191,6.0964,5.7392,4.7735,4.1502,5.4385,4.58,4.7393,5.1276,3.9884,5.6268,3.9034,10.7029,4.9631,4.3322,5.5843,4.8679
TCGA-BRCA-018,BRCA,1,7.8914,10.6242,8.2073,9.767,7.5951,8.3085,7.4751,6.0947,5.7934,5.3772,4.449,6.0603,4.5676,4.4414,4.3122,6.7243,4.7959,9.3069,4.394,4.6076,5.2462,4.6792,4.652,6.0889,4.8984,5.9033,4.0647,5.5666,5.4577,3.9327,4.9004,3.7204,4.3525,5.3941,6.7786,5.1471,4.581,3.7741,5.5217,4.9816,4.4909,4.3262,3.6938,6.4858,4.8986,7.4548,4.8744,4.6279,4.9069,4.293
TCGA-BRCA-019,BRCA,1,8.2994,9.5171,7.64,9.0461,9.3607,7.3712,8.2219,5.9873,5.0238,5.866,3.3917,6.2268,6.1122,4.3678,4.5854,5.9837,4.1864,9.3648,4.1333,3.7033,5.6071,4.0353,4.5463,4.1362,4.5775,6.2104,4.4557,4.9399,5.2451,4.3468,5.5568,4.3376,4.6896,6.5728,6.3311,5.8058,4.9988,4.372,6.0357,5.4181,3.7594,4.5464,3.725,6.4886,3.7812,9.1974,4.867,5.7255,5.2929,3.7351
TCGA-BRCA-020,BRCA,1,8.9505,10.3625,10.5103,8.3139,7.6364,7.0074,7.9762,5.7572,4.7701,4.9862,4.1292,5.9364,4.8717,4.8994,4.5675,6.6139,5.2397,8.0321,4.76,5.2444,4.9779,4.0906,4.8486,4.2989,4.882,6.2274,4.6981,4.7979,5.8147,4.2536,5.471,4.1177,4.1398,5.7005,5.1541,5.6386,4.6091,4.2835,6.1114,4.6422,4.0846,5.4725,3.6994,6.0774,4.3652,9.1144,5.0648,4.9574,5.5981,3.4305
TCGA-BRCA-021,BRCA,1,8.8493,9.4415,8.9975,9.672,8.0269,7.5102,7.6396,6.1943,5.5757,6.1137,4.5975,6.0702,6.1523,4.2756,3.9385,6.6299,4.6312,8.7195,4.0115,3.257,6.7035,5.0578,4.5122,4.8107,5.1548,5.4328,4.5356,5.0593,5.2562,4.1929,4.6798,4.3949,4.2248,6.152,6.0165,6.3474,4.4933,4.3285,6.154,4.9286,4.3757,5.0412,4.6943,5.8716,5.211,9.1838,4.256,5.4838,5.0504,4.7169
TCGA-BRCA-022,BRCA,1,9.0596,9.6603,9.0277,9.6413,7.6198,7.4318,7.9726,6.1498,5.7205,5.1794,4.4015,6.4244,5.8316,4.3723,3.996,6.9398,4.3391,8.7311,3.2232,3.9736,4.8794,4.5093,4.3806,4.5268,4.6214,5.3624,5.2606,4.5713,6.0398,3.9368,5.0097,4.5671,4.1696,5.9888,6.2343,5.7971,4.5624,4.6827,4.7818,4.511,3.8744,4.5604,4.1186,6.2532,3.5881,9.987,4.5249,5.0012,4.5602,4.25
TCGA-BRCA-023,BRCA,1,9.5164,9.9787,9.6859,8.3989,7.9786,8.3374,7.2903,6.7074,5.5523,6.0146,4.1121,6.4716,5.433,4.2379,4.5747,6.9368,4.9231,9.2021,3.0376,4.1535,5.4609,3.9447,6.3316,5.0639,4.9642,5.4697,4.1992,5.1464,5.3593,3.8738,5.2,5.0473,4.8354,6.2136,5.4538,6.0477,5.4473,4.8998,5.8725,5.6795,4.2952,5.4034,3.7353,6.1466,5.2341,9.6251,4.255,5.1929,5.0894,4.7313
TCGA-BRCA-024,BRCA,1,10.69,8.9801,8.8209,8.2667,7.4432,8.2817,7.2784,5.6562,5.486,5.2953,3.6782,6.5249,5.1903,3.9232,4.4887,7.2511,4.8221,8.71,3.212,5.1459,5.7756,4.3318,4.5039,4.8236,4.6398,5.6523,4.1945,5.0809,5.0765,4.3642,5.7458,4.1853,3.7372,6.4434,6.2168,5.5951,5.3579,3.9324,4.5088,4.6144,5.0777,4.9305,3.8179,6.0138,5.0748,10.1286,4.9814,5.0495,5.5024,4.4968
TCGA-BRCA-025,BRCA,1,9.4607,10.1091,7.6019,8.528,7.2674,6.624,7.7593,6.5437,5.5081,5.5669,4.0355,5.777,5.5594,4.6808,3.7073,7.1773,4.4751,9.9259,4.2759,3.8042,5.0553,3.8791,3.7364,4.2897,6.224,6.0321,5.3979,5.5459,4.9324,3.9113,5.6308,4.5939,3.8544,5.3326,7.7683,5.7079,4.5073,4.2715,5.3839,5.0297,4.912,5.0271,3.4943,5.9197,4.3371,9.8074,5.2713,5.1979,4.5634,3.7937
TCGA-BRCA-026,BRCA,1,9.0292,9.9208,9.6212,8.3464,7.8399,9.3024,8.1461,5.7996,5.7734,5.1735,4.2469,6.389,5.9537,5.6153,3.9979,7.2622,4.9054,10.0814,3.6428,5.5798,5.186,4.5555,5.2955,4.5266,5.5036,5.7181,3.8218,4.4055,5.2579,4.5976,4.2971,4.4754,4.5893,5.4486,5.8074,6.0647,5.0944,5.0169,5.2121,4.5605,5.0948,4.7119,4.3293,7.0921,4.9457,9.6008,5.3248,5.4066,5.5968,4.2354
TCGA-BRCA-027,BRCA,1,9.7043,10.9349,9.0017,7.797,8.4294,6.7765,7.7225,5.3341,4.73,6.3602,4.58,6.1317,5.9238,4.3432,4.685,6.0192,5.1662,9.659,3.0878,4.6516,5.0505,4.4712,4.374,5.0403,5.6114,5.3677,4.374,5.362,5.0854,4.3344,5.6143,4.9168,3.8401,5.6162,5.9706,5.2946,4.9524,3.634,6.6718,5.6163,4.2748,5.5231,3.2573,7.2622,4.2742,8.6995,3.7578,5.3873,4.6496,4.4575
TCGA-BRCA-028,BRCA,1,8.3817,9.7225,10.1013,11.028,9.1639,8.8771,7.8479,6.1012,4.8411,5.4674,3.3092,4.9913,5.3569,4.5284,4.4628,5.9742,3.48,9.8053,3.9076,5.4186,6.0954,4.6742,4.6723,4.6072,5.3627,5.6475,4.1445,4.0824,5.2618,4.6505,5.9663,4.4018,3.6988,6.5389,6.1167,5.5956,3.9422,5.2668,5.8745,5.3915,3.8371,5.1293,4.0349,6.3916,5.2492,7.6828,4.1484,5.467,4.9487,4.8141
TCGA-BRCA-029,BRCA,1,9.0391,8.1356,8.9553,8.9503,6.7289,9.0355,6.2855,5.5055,5.3308,5.3752,3.4932,5.6548,5.336,4.3238,5.376,6.6489,5.2608,8.9766,3.9688,3.2407,5.1938,4.9605,4.3569,5.6872,5.7453,5.4928,4.1877,4.6245,4.9885,3.4859,5.551,3.6471,4.445,6.4016,5.2938,6.5534,4.927,4.5897,5.126,5.2795,4.8317,5.0401,5.0766,6.0225,5.1397,9.2352,4.9785,4.3085,5.3883,4.0392
TCGA-BRCA-030,BRCA,1,9.0012,9.8947,8.912,8.5961,8.01,6.7499,7.7028,5.3971,5.2453,6.0379,4.1625,6.401,5.3829,4.4318,4.4328,5.6165,4.1346,8.7234,4.0288,4.1882,5.242,4.9844,4.383,4.8096,4.9505,5.6335,5.2735,5.2842,4.5182,4.8664,5.474,4.1884,4.8178,5.6982,6.9822,5.8251,5.1729,5.7486,5.5954,4.9199,3.735,5.0291,3.5576,5.907,6.0167,8.4157,4.4089,5.0393,4.9968,4.9309
TCGA-BRCA-031,BRCA,1,8.0637,9.4137,8.2175,9.0157,9.9139,8.42,7.887,6.6582,6.1103,5.5672,4.7067,5.858,4.8983,4.087,5.2647,5.1085,4.6691,8.9946,3.1871,4.4189,5.3822,4.0258,3.9317,4.9135,5.54,6.1622,4.0344,4.5057,5.1612,4.8861,5.6594,4.7271,4.588,6.2979,6.1847,6.1096,4.3971,3.5076,5.8668,5.5872,3.7094,5.5003,4.916,5.9994,4.1603,10.0166,4.4105,4.8358,5.4194,3.6048
TCGA-BRCA-032,BRCA,1,7.3036,9.8439,8.4637,9.8324,7.2343,8.6833,7.5259,6.9846,6.0319,4.9056,4.141,6.5014,5.6023,5.0734,4.9473,6.0819,5.1599,8.0281,4.3721,5.084,4.8022,4.4328,3.6296,4.4243,5.5512,5.721,4.4052,5.1539,5.2676,4.5959,5.0271,4.5848,3.5708,6.4581,5.9637,5.758,4.4891,4.0971,5.0029,5.133,4.5458,4.4241,3.7775,6.0155,4.27,8.5981,5.4938,4.6351,4.0467,4.1073
TCGA-BRCA-033,BRCA,1,8.0998,10.4996,8.7767,7.6052,7.9623,8.6888,7.3931,5.2482,5.255,5.1989,3.4934,6.2636,6.2183,4.8877,4.6872,6.5918,5.0266,9.6076,3.9121,4.3349,5.0976,4.3438,5.8627,4.9566,4.6978,5.3112,4.1934,6.22,5.1037,4.5556,5.1486,4.5057,4.539,5.8016,5.8038,6.6079,5.1624,4.6102,5.899,5.1981,5.2774,5.1113,4.3643,5.275,4.1568,7.8743,5.3228,3.8679,5.0016,2.9098
TCGA-BRCA-034,BRCA,1,7.1735,11.4798,9.6012,8.1433,9.3133,7.1472,7.1615,5.9097,4.926,6.4593,3.2986,6.1621,6.022,4.4878,4.3045,5.768,4.2677,8.0657,3.9303,4.4198,6.4122,4.6414,3.3089,5.2476,4.9768,5.0324,5.0914,4.9134,5.0428,4.2898,5.908,4.4319,4.164,5.7391,6.6873,5.84,4.5574,4.0401,6.0187,4.8372,4.7832,4.8536,4.4368,6.1041,4.0939,9.8301,3.5905,4.7721,4.4139,5.4054
TCGA-BRCA-035,BRCA,1,8.8407,10.4934,10.4203,7.8887,9.4491,8.647,6.9542,6.1699,5.5957,6.1365,4.5284,6.3794,5.2676,5.6914,3.6982,6.1063,4.885,7.71,3.25,4.6013,5.9989,3.9502,4.5117,3.638,5.8707,5.1922,4.6027,5.0806,5.2543,4.5071,6.1722,4.5009,4.4707,6.252,6.6332,5.547,5.2078,4.7701,6.0466,4.6383,4.1843,5.2091,3.3902,6.798,4.5632,8.4243,4.3973,4.4807,4.9007,4.5163
TCGA-BRCA-036,BRCA,1,8.5072,9.431,10.8997,8.6275,8.6743,7.8996,9.5631,6.2824,4.9731,5.5484,4.1109,6.4665,5.9511,5.4148,4.2867,5.7814,4.7766,8.5889,3.0332,4.2889,5.1669,4.8768,3.9011,4.9809,6.1136,5.64,4.3372,5.4912,5.5644,4.811,5.253,4.7262,4.5022,5.9198,6.0674,5.7729,4.0513,4.0205,6.2534,5.4872,3.9785,5.0815,4.5613,6.2222,4.9693,10.3652,4.7935,5.0612,4.6052,4.7528
TCGA-BRCA-037,BRCA,1,10.5811,10.0499,8.2772,9.2557,8.6846,7.4038,8.2655,5.9427,4.8667,6.0528,3.4672,5.5794,6.0151,5.2686,4.2237,6.4335,5.206,8.7009,3.1772,4.0952,4.2423,4.1755,5.2318,4.2439,5.3535,5.2523,4.4923,5.4852,4.9736,4.1874,5.1291,4.7277,4.2608,6.1158,6.9036,6.1096,4.325,4.1719,5.4674,5.0085,5.5307,5.2748,3.0577,5.7291,3.6031,9.1886,3.6921,4.7084,4.4424,4.5988
TCGA-BRCA-038,BRCA,1,8.3123,10.2181,10.2199,9.3075,8.8558,7.6867,8.513,6.5696,5.3302,5.1712,4.1457,5.9561,6.1335,4.4981,4.6015,6.1744,4.9235,7.4983,4.3676,5.1223,5.5201,4.4619,4.5309,4.5044,4.9959,6.7187,4.5539,4.4584,4.4491,3.3832,5.1478,5.0081,3.6314,6.7984,6.2141,6.0202,4.8982,4.5102,5.2996,3.8011,3.9743,4.6454,4.2309,6.1101,4.4331,10.9578,4.3654,4.0313,5.2625,5.0013
TCGA-BRCA-039,BRCA,1,8.7696,10.1762,10.7829,10.1474,6.8304,7.2088,8.9037,6.4938,4.6863,5.9143,3.0716,6.0891,6.3874,4.1914,3.6466,6.4092,4.367,9.6312,3.155,4.2544,4.3356,4.3919,4.5623,4.2118,5.1003,6.2409,4.3315,5.2654,5.44,3.5,6.3649,4.1397,4.4712,6.4722,6.0546,6.0819,4.7931,3.5061,5.3392,4.6621,4.0376,4.4374,4.6389,6.8015,5.0583,10.2646,4.5134,4.826,4.8135,4.7287
TCGA-BRCA-040,BRCA,1,8.8114,11.1762,10.4764,8.553,8.544,8.034,6.6164,5.0483,5.5171,5.776,3.9083,6.9944,6.3249,3.668,4.314,6.1213,4.8763,7.9581,3.7051,5.4879,5.3748,4.0989,4.5161,5.6153,5.459,5.6462,3.9432,4.7132,5.0622,4.3558,5.7149,4.0124,4.5435,5.6332,5.8185,5.0537,3.9305,3.7552,5.4924,4.4713,5.0175,4.6231,4.1676,6.6606,4.6156,9.7156,4.7593,4.8633,4.7024,4.713
TCGA-BRCA-041,BRCA,1,8.1855,9.3023,9.4714,9.6709,8.0384,7.4351,8.3244,5.9365,5.4091,4.645,4.2729,6.5202,5.7927,5.6544,4.0585,5.5751,4.4718,9.2465,3.7191,3.9373,5.0728,4.2581,5.257,5.9071,5.6711,5.3397,4.0914,5.0517,6.1956,4.0195,4.6728,4.1246,4.5216,6.4325,6.0243,6.1202,3.5336,4.2668,5.9357,4.5519,3.8503,4.1562,4.8706,5.6404,4.6898,10.2333,5.4418,5.0672,4.933,4.4932
TCGA-BRCA-042,BRCA,1,7.9932,9.4588,9.2413,8.4593,7.8694,9.8222,7.7103,5.2308,5.2325,5.4251,4.3756,6.2508,5.6832,4.5125,3.8389,7.1775,5.4783,8.3466,2.4192,4.4397,4.7353,3.6688,3.9417,4.7092,4.7976,5.914,4.1578,4.523,5.2949,3.5729,5.5927,3.542,3.0607,5.2827,5.9152,5.6349,4.7386,3.9325,5.0821,5.685,4.8529,5.5825,4.2301,6.1948,4.1667,10.1329,4.2158,4.6175,4.394,4.6097
TCGA-BRCA-043,BRCA,1,8.5041,9.3958,8.2573,7.661,9.0644,7.1602,7.7962,6.2785,5.2301,4.9789,4.3007,5.6248,5.4521,3.9774,4.3308,7.2152,4.6668,9.5989,2.6318,4.9168,4.9559,4.3656,4.4656,5.2251,4.9247,5.6979,4.6822,6.1848,5.7475,4.0579,5.3382,4.1127,3.6681,5.8112,5.7383,6.1052,4.1346,4.8815,5.8813,4.9786,4.2686,4.8107,4.2107,6.5446,4.2177,7.9834,5.0374,5.3063,4.6427,4.04
TCGA-BRCA-044,BRCA,1,6.8677,10.462,10.0587,9.6655,9.0217,8.1969,8.4669,5.8851,5.1205,5.9856,3.8479,6.0773,6.199,4.3033,4.3647,6.5556,4.6247,8.1106,3.2249,4.2867,5.2599,4.816,4.9546,4.0164,4.7888,5.4082,3.6581,5.269,5.2553,5.1137,5.1696,3.9871,3.7066,5.8618,6.4196,6.1309,6.1332,3.6116,5.5484,4.6262,4.4437,5.781,4.5067,5.3967,4.9116,7.5561,3.4958,5.0196,5.5081,4.5808
TCGA-BRCA-045,BRCA,1,9.0191,10.8042,9.0669,9.7957,7.9605,9.971,7.0325,6.6842,5.3602,5.8023,4.8832,6.4142,6.0316,4.5883,4.1583,5.7471,4.3116,8.6574,2.8545,4.8552,5.2852,4.1388,4.7526,4.0892,5.968,5.676,4.3664,4.6486,5.3153,4.7957,5.8546,4.8024,4.4163,5.9083,5.3993,5.678,4.5522,4.7393,5.66,5.7745,4.8672,4.8611,3.1781,6.6933,5.249,7.6234,5.4404,5.3352,5.2831,5.2141
TCGA-BRCA-046,BRCA,1,8.4393,10.3513,10.0277,10.0398,7.2088,7.4637,8.1265,5.9435,5.0454,5.176,4.0945,5.7605,5.4221,4.0649,4.5275,6.3464,4.8432,9.6797,3.1707,4.7118,6.1726,4.7212,5.1112,4.6739,5.0007,5.9302,4.1361,3.9497,5.5015,4.5829,5.3642,4.0772,3.9778,5.0734,5.9578,5.2209,4.3203,3.632,4.8648,4.4663,4.5849,4.8345,3.5217,6.3775,4.6338,7.9388,5.1836,5.1802,5.5879,4.2941
TCGA-BRCA-047,BRCA,1,8.2074,10.3144,9.4867,9.6314,7.9397,9.5916,9.3255,5.7528,5.3472,5.7617,3.1664,6.4191,5.1027,5.4873,4.1978,6.4071,4.2845,9.5124,4.9979,5.1109,4.5715,5.059,5.2393,4.6654,5.1567,5.7199,5.4256,4.7332,5.3763,3.8881,4.6201,5.471,3.5523,6.1976,5.254,5.5789,4.8811,3.8025,5.7987,4.8338,4.8485,5.7703,3.7823,6.0389,4.661,8.7184,4.693,5.2393,5.0811,4.4643
TCGA-BRCA-048,BRCA,1,8.783,9.2118,9.6777,8.224,7.813,8.3817,7.4076,6.0822,5.5072,5.7141,3.3469,5.574,5.523,4.4787,4.2325,6.5682,5.1571,8.7484,2.6769,4.7084,5.3051,4.6786,4.6465,5.6763,4.2094,6.1475,4.5389,4.4298,4.2693,3.5397,5.9411,4.9228,4.0788,5.9064,5.6963,5.6848,4.4331,5.0698,4.887,5.1646,5.147,5.4767,3.5135,5.2293,4.7065,8.6944,5.302,5.4184,4.9603,4.1303
TCGA-BRCA-049,BRCA,1,7.1355,10.5099,9.6382,10.2622,6.8377,7.7266,7.7672,5.8147,6.4011,5.5761,4.9524,5.5486,5.0448,3.9071,4.9946,7.5964,4.2782,8.4466,3.3053,3.7349,5.7053,4.4184,4.648,4.106,5.8233,5.4757,4.7061,4.404,5.208,4.2479,5.5001,4.4525,4.3904,5.5223,6.2231,5.8354,4.786,4.2511,4.8687,4.3094,3.1614,5.4982,4.4895,6.4223,4.7227,8.878,4.1724,5.2294,5.2705,4.2953
TCGA-BRCA-050,BRCA,1,8.0999,9.3715,10.643,8.5896,8.2908,6.891,8.1872,5.5938,5.0714,6.3001,3.6336,6.054,5.6021,4.2692,5.7859,5.6661,4.9914,10.3621,4.3989,4.6642,4.7597,4.9593,5.1114,4.0411,4.8432,5.1243,3.0095,4.5166,5.356,4.3924,5.1749,5.0622,4.6578,6.0249,5.9981,5.9698,4.6612,3.502,5.3576,5.3011,4.9259,5.5695,4.2428,6.7292,4.7813,9.1011,5.4251,5.5043,5.8538,3.8129
TCGA-BRCA-051,BRCA,1,7.9907,9.5312,9.5164,9.2543,8.2926,9.0936,7.6829,6.7049,4.594,5.2454,4.2848,5.707,5.9633,4.5877,4.3065,6.7894,4.5552,8.5483,4.3545,5.036,5.7391,3.7323,4.9051,4.3667,4.3626,5.6915,3.9871,5.5266,5.7106,3.1509,4.9224,3.6453,3.9118,6.3151,6.0032,5.4836,5.3202,3.0625,6.1237,4.6962,4.2294,4.8257,4.8471,5.385,4.5752,9.3756,3.8803,4.6842,5.1287,3.9633
TCGA-BRCA-052,BRCA,1,8.9994,10.0456,11.1336,7.7261,8.6951,8.5264,7.4405,7.3055,5.4198,5.7459,4.3125,6.3623,6.9074,5.3601,3.9342,7.7161,4.3193,9.7513,3.0502,5.159,5.1924,3.7321,5.237,5.5241,5.7384,4.9659,5.2261,4.9811,6.3291,4.4147,5.4623,4.3794,4.1363,5.7478,5.5904,5.5971,5.2656,3.5166,6.1756,5.04,4.6592,5.506,4.5398,6.0117,4.5955,10.0379,4.1651,4.5469,4.9704,4.5507
TCGA-BRCA-053,BRCA,1,8.3666,10.4709,10.242,8.6231,8.0285,7.5569,6.5874,6.8769,5.0968,5.6345,4.2709,5.5655,6.4491,4.7857,5.1792,6.3966,4.7189,8.7652,3.3412,3.9134,5.4015,3.5937,4.8219,3.7417,4.0776,6.1367,4.1659,4.6374,5.9387,4.266,5.7726,4.292,5.4829,5.7853,6.9966,5.7478,3.8429,4.4563,5.6627,4.4427,3.8074,5.077,4.2505,4.7652,5.0959,8.0518,4.0199,5.6147,5.191,5.0148
TCGA-BRCA-054,BRCA,1,9.7729,10.3785,9.3166,9.9159,8.9678,6.6826,7.1677,6.1707,5.8347,4.6699,4.3693,6.8388,6.7752,3.8541,4.327,5.6473,5.0071,8.9383,3.2144,4.7493,5.1773,4.588,4.2379,4.2948,5.6611,6.8637,5.3504,5.0954,5.8309,3.759,5.5907,4.0833,4.7714,6.6493,7.1624,5.6638,5.4597,4.4681,5.543,5.1368,5.1175,5.0234,4.0351,4.9677,4.4958,9.9685,4.3046,4.6402,4.2771,4.1144
TCGA-BRCA-055,BRCA,1,8.2844,8.5665,10.0498,9.9356,8.2958,9.1715,9.0415,5.9246,5.3875,4.8057,3.7671,6.3924,6.0533,5.0777,4.3398,5.4806,5.1977,10.4377,3.6321,4.5589,5.8683,6.0213,4.7003,4.1501,4.7102,6.0401,3.6369,5.216,5.4935,4.8698,5.9917,4.8074,3.0618,6.5481,6.4771,5.9064,3.805,3.8265,4.9219,3.9608,4.267,4.6905,5.3883,5.9161,5.2162,9.0561,4.4207,5.1926,4.7487,4.1956
TCGA-BRCA-056,BRCA,1,9.5294,8.68,10.4213,9.2993,8.9907,6.4207,7.8111,5.5431,5.0636,5.8376,3.3273,6.2004,5.8466,3.9422,4.4791,6.2789,5.7681,9.0639,3.6798,4.4248,5.5981,4.6906,4.77,4.2984,4.8986,5.7664,4.5844,5.288,5.6687,4.7731,5.8429,4.6703,3.5143,6.6807,6.5338,5.6506,4.685,4.2477,5.2864,4.0943,3.7102,4.6361,3.0917,5.4439,5.1399,8.9551,4.2003,4.8,5.8174,5.0089
TCGA-BRCA-057,BRCA,1,9.8631,10.5911,7.5567,9.1607,8.9501,9.1841,7.7293,5.528,5.5669,6.7501,4.5469,6.7666,5.7354,4.167,4.0096,6.4348,3.6429,9.0719,3.2083,4.553,5.412,4.4881,4.6353,4.5153,4.0217,5.4397,3.9531,5.3643,5.758,4.5715,5.7151,4.3084,3.8821,5.714,5.3706,6.2744,4.5828,3.5917,5.0921,4.5348,4.29,5.6231,3.9017,4.8742,4.4747,9.7118,4.5733,4.8304,5.3115,4.4398
TCGA-BRCA-058,BRCA,1,9.4074,11.1859,9.4519,8.7271,7.1014,7.7004,8.9364,6.3851,4.6972,5.9225,4.6126,6.4382,6.0392,4.4007,4.17,6.1796,4.961,9.4563,5.3161,3.8858,5.23,3.9212,4.8348,3.8315,5.638,6.2301,4.573,4.9762,5.6615,4.2665,5.8126,4.3139,4.0524,6.6264,6.4412,5.6915,4.8541,4.3073,5.7389,5.6031,4.0935,4.7671,4.2126,5.7322,4.1139,9.7213,4.5422,4.2101,5.6265,4.1876
TCGA-BRCA-059,BRCA,1,8.3232,9.133,11.6666,10.4885,8.7592,7.3918,7.1532,5.499,5.7335,5.628,3.483,6.1744,5.4067,4.5428,3.9705,6.5669,5.0446,9.381,3.0422,4.7423,5.6947,3.7533,4.773,5.4648,5.2902,5.7563,4.7592,5.3576,5.6801,3.0902,4.5599,4.8776,3.3905,6.2883,5.9484,5.2804,4.845,4.3154,6.5605,4.6559,4.9885,5.2656,3.7451,6.4001,4.8522,9.7816,4.8189,4.8457,4.7899,4.7864
TCGA-BRCA-060,BRCA,1,9.1581,10.4253,9.7051,10.8722,9.2222,8.843,8.4907,5.8126,5.5109,4.6556,3.5947,5.7712,5.1921,4.5202,4.363,6.6253,4.109,8.6135,3.2828,3.7821,5.64,4.6422,4.9188,4.1477,5.0451,6.0261,4.9154,5.4455,5.7859,4.6359,5.389,4.6244,4.643,6.2826,6.7239,6.2157,4.3539,3.5619,5.515,4.3778,4.31,5.0857,4.7261,6.253,5.0583,9.6777,5.4506,5.591,5.4165,3.5034
TCGA-BRCA-061,BRCA,1,8.28,9.8666,9.163,9.1782,8.721,9.1352,6.1427,5.7193,4.9818,5.2282,4.3451,5.7035,5.529,3.4236,4.253,5.7171,4.7089,8.104,3.9772,4.5684,6.1821,4.5555,3.7229,4.1736,5.031,5.2625,2.9551,5.8061,5.6634,4.3627,5.0329,4.589,3.7909,6.19,5.6641,6.5366,3.885,4.831,5.5248,4.7236,4.352,5.4561,4.759,6.1571,4.124,9.3564,5.5942,5.818,5.6571,4.8045
TCGA-BRCA-062,BRCA,1,8.1064,10.8156,7.7967,9.4005,9.1105,6.2003,7.902,6.3005,6.03,5.2458,4.4619,6.0155,5.5531,4.0346,3.4484,6.5314,4.5328,7.7803,3.4108,5.2196,4.6926,3.9506,4.8632,3.5266,4.7365,5.9007,4.1587,4.4823,4.6783,3.2961,5.0201,4.9035,5.3241,6.1056,6.5085,5.3081,3.6243,5.1407,5.2078,5.3277,4.3477,5.5867,4.5527,6.1394,4.7632,10.0319,4.4809,5.922,4.8488,4.445
TCGA-BRCA-063,BRCA,1,9.2159,10.4726,10.8913,9.0533,8.5947,8.0464,8.2581,5.9483,6.0272,5.5674,3.1978,6.3175,5.4832,4.8998,4.7481,6.8696,5.1231,10.2568,3.0321,5.0427,6.3303,3.9626,5.5426,4.5313,4.5774,5.8755,4.7972,5.5872,4.8224,4.3195,4.9938,3.6307,3.6787,5.7121,6.3852,6.3546,3.9335,4.3909,4.917,5.2829,3.9571,4.5637,4.4755,5.707,4.4113,8.8783,5.159,5.5546,5.2055,3.6429
TCGA-BRCA-064,BRCA,1,8.064,10.2076,8.0287,9.2578,8.7392,8.3484,6.3604,6.4056,4.8234,5.5446,3.2362,6.0441,5.3296,4.2427,4.43,6.4404,5.0658,7.52,3.7109,4.7438,5.066,3.8667,4.6115,4.9213,5.1923,5.6287,3.1772,4.8837,4.7115,5.1298,5.3663,4.7457,4.4607,6.2427,5.9163,5.5066,3.6599,4.286,5.6555,4.9444,4.3402,4.4862,3.9286,5.6756,4.9018,10.2491,4.3659,5.0642,4.683,4.2426
TCGA-BRCA-065,BRCA,1,7.3749,10.4386,10.681,9.7608,7.0096,9.0637,9.2777,6.0109,4.9218,5.7859,3.8443,6.5064,6.573,3.1644,4.4555,5.4663,5.8902,8.7577,3.7444,4.623,4.9445,3.8459,5.4356,5.284,5.9751,5.7551,4.5832,4.9977,5.1598,3.5812,5.3786,3.9805,4.3641,6.1726,6.2682,6.616,4.6513,4.5932,6.5311,5.6216,4.8451,4.936,4.1905,5.3414,4.8188,9.1173,4.6975,5.6577,4.5989,5.2241
TCGA-BRCA-066,BRCA,1,8.9319,9.2349,9.8823,8.4893,8.5067,7.2833,6.7525,6.4936,5.2031,5.1184,4.2133,6.2271,5.4566,3.8244,4.6342,5.6487,4.7265,9.03,4.589,5.7003,5.4647,4.0942,5.4719,5.33,5.0875,5.8456,4.4527,5.2124,5.2524,3.6148,5.341,5.2538,3.7351,5.9519,5.6784,6.3571,5.085,3.5757,4.4961,5.4012,3.5989,5.5035,3.7566,6.348,4.7914,8.8327,4.2463,5.432,4.8565,4.9612
TCGA-BRCA-067,BRCA,1,8.3,11.0995,9.392,9.0633,9.1375,8.106,7.2875,5.7057,3.8666,4.8354,4.4328,7.1434,6.2827,4.629,4.3893,6.8114,5.7435,9.0661,2.3763,3.5916,6.007,4.2834,4.7343,3.9107,4.6268,5.5796,4.5432,4.932,4.7846,3.7099,5.9408,4.4975,4.4492,5.6381,4.6475,5.5169,4.2369,4.3894,7.1482,5.3159,5.6365,5.3738,3.7607,6.1745,5.4596,10.8781,4.3981,5.2707,4.4881,4.819
TCGA-BRCA-068,BRCA,1,8.7174,8.9901,8.7921,9.4774,7.8819,7.5129,7.5337,6.4899,5.4712,5.7534,3.9113,5.6967,5.6164,5.1812,4.7171,6.5811,3.7616,9.7377,3.136,4.0115,4.7729,3.9205,5.0594,4.9193,4.5318,5.437,4.6884,5.4802,5.3701,3.5284,5.1303,5.5656,3.5377,6.275,7.1848,5.6417,5.5871,3.871,4.5179,4.6787,3.8896,4.2543,3.8669,6.496,4.2723,9.351,5.371,4.77,5.5122,3.553
TCGA-BRCA-069,BRCA,1,7.7986,8.7892,9.7394,9.2319,8.0339,7.7784,6.5165,5.6121,5.9694,5.17,4.1077,5.7425,5.6744,4.4441,4.0086,5.193,4.8125,8.3894,3.5111,4.1712,5.3071,4.7787,5.396,4.443,6.0785,5.225,4.9811,4.7705,4.8679,3.7298,5.3104,4.6651,4.478,5.6156,5.6296,5.3202,4.6145,4.1098,5.0302,5.1031,5.3998,4.837,3.8589,6.2803,4.2899,9.5353,4.3265,6.0602,5.3752,4.0967
TCGA-BRCA-070,BRCA,1,10.0697,9.7527,9.5389,8.4448,7.8094,8.1201,6.3068,5.2342,5.5635,5.8925,3.6059,6.0944,5.8354,4.5062,4.019,6.9791,5.0083,9.8533,3.496,4.2239,5.545,4.07,4.7096,3.8563,4.7385,5.6728,4.9232,4.6702,4.5604,4.3246,5.3046,3.5141,3.307,5.7641,6.0825,6.4731,4.1296,4.4843,4.5249,5.1488,5.0218,5.1602,3.7416,6.6168,4.7438,9.2836,4.1769,5.326,4.8604,4.5624
TCGA-BRCA-071,BRCA,1,7.1546,11.3705,8.9007,9.679,8.1306,7.4167,8.5904,5.6603,5.6109,5.3835,5.0154,6.5049,6.4542,4.1749,4.9291,6.0477,4.7244,9.6495,2.8293,4.7423,5.5651,4.5669,4.4173,5.8491,4.3559,6.4568,5.0468,6.0818,4.5092,3.6678,6.0826,3.4366,3.3399,5.8434,6.2204,6.5746,4.5775,3.9108,5.661,5.2031,4.4891,5.0004,3.0981,5.5417,5.2795,8.7171,4.5245,5.7032,4.6377,4.294
TCGA-BRCA-072,BRCA,1,9.2557,10.0052,10.0311,8.8224,7.5248,7.4243,7.2792,6.2918,6.1813,5.7283,4.7189,6.4488,6.3001,5.018,4.6435,6.321,4.3201,8.0891,3.6264,4.8281,4.9084,3.6757,4.7081,5.1645,5.2633,5.2176,4.0416,5.4661,5.3397,4.6323,5.175,4.7449,4.1233,5.7261,6.5885,5.2822,4.7072,4.3036,5.4452,5.4637,4.5548,5.3161,4.1099,6.9287,5.3016,10.4064,5.0633,4.843,5.1782,4.7246
TCGA-BRCA-073,BRCA,1,8.6388,10.5319,10.1365,10.1783,9.0769,8.6703,8.3636,6.3795,4.6309,4.5112,4.7993,6.3895,6.1347,3.9287,4.7688,6.6338,3.8772,9.3975,4.048,4.4427,5.1571,3.2993,4.9394,4.9369,4.9063,6.3666,3.7474,4.8329,4.8783,3.9628,5.3703,4.5902,3.9696,5.6489,6.9674,6.9843,4.7418,3.8365,6.243,4.245,4.1011,4.7413,3.4959,5.8605,4.1372,9.4807,4.6994,4.8335,5.0175,4.2913
TCGA-BRCA-074,BRCA,1,7.844,9.1121,9.9019,9.3421,7.9985,7.1411,7.1195,5.9455,5.5945,5.7386,3.9007,6.3371,5.6831,4.8375,4.9537,5.8667,4.5255,8.3723,4.2883,4.234,5.8949,3.5739,5.2645,5.2319,4.9255,6.1857,4.1888,4.6699,6.1565,3.8316,5.6751,4.9296,4.5463,6.3872,6.4645,6.3072,4.829,4.1951,4.8208,5.1274,4.7827,4.539,3.9611,6.2132,5.3255,8.1291,5.0825,4.9653,4.8659,3.9477
TCGA-BRCA-075,BRCA,1,8.3441,9.4177,9.4629,10.0175,8.9392,7.7675,7.1645,5.7716,6.154,5.8276,4.771,6.2615,5.4072,4.1755,4.4515,5.8212,4.1156,10.0869,3.5721,4.7098,5.4941,4.0128,5.3681,4.2474,5.1342,5.8504,4.4122,4.4829,5.7387,4.4739,4.9988,4.7289,4.3306,5.4472,5.6974,6.3476,4.8249,3.9327,5.0761,4.7106,4.0462,4.6664,3.2048,6.5705,5.0546,8.2338,4.7539,4.693,5.072,4.2343
TCGA-BRCA-076,BRCA,1,7.9922,9.9713,8.7925,8.6742,8.8134,9.2692,7.486,5.921,4.8224,5.7649,4.9474,5.5356,6.1751,4.9915,3.9537,7.0696,4.4894,8.758,3.5653,4.5283,5.9238,4.2673,4.3419,4.8405,3.9423,5.3189,5.0636,5.0586,5.0643,4.1887,5.7049,5.0395,3.9176,5.8735,6.0128,6.2931,4.6987,5.2978,5.4248,5.8501,3.822,4.3945,4.0249,6.5702,4.3308,8.6769,5.1983,5.4967,4.8066,3.9812
TCGA-BRCA-077,BRCA,1,9.2412,10.3965,8.9408,7.1142,8.5832,9.9844,7.9113,6.2436,5.9089,5.5663,4.4436,6.4928,6.1009,4.3061,4.486,6.5443,4.6757,8.3494,2.7878,4.4995,4.8742,4.0544,4.5608,5.0071,5.478,5.4955,5.1068,5.6006,5.5554,4.179,5.4962,4.9687,4.7549,6.755,6.1451,6.056,5.3419,3.903,5.3461,4.9764,4.7183,5.547,3.9602,5.2462,4.6924,9.0345,3.9408,4.5122,5.366,5.0872
TCGA-BRCA-078,BRCA,1,8.7374,10.0803,9.1983,9.751,8.334,8.1901,9.0006,5.5163,4.7984,5.9074,4.8039,5.3183,5.1141,3.745,4.7876,6.6335,4.1812,10.5565,3.4205,5.3585,5.7503,3.8278,4.4337,4.3698,4.3312,5.6008,3.84,5.0438,6.2698,4.4505,5.058,4.0558,3.9426,7.1231,5.5802,5.7776,4.9028,4.8226,5.339,4.487,4.4132,5.7467,3.9392,5.5808,4.6244,9.2095,4.5764,5.7332,5.6402,4.3347
TCGA-BRCA-079,BRCA,1,8.0599,10.4132,8.5051,10.0533,9.6106,9.0746,8.9872,5.9272,4.8036,6.2961,3.7342,6.9016,6.4806,4.7742,5.3145,6.9002,4.5817,7.7837,2.8444,5.763,5.1262,4.8744,4.2721,5.5751,4.6533,5.1315,4.335,4.8654,5.6015,4.0765,5.6504,4.2296,3.8106,5.7958,7.1469,5.8911,3.6783,3.9548,5.5537,5.891,4.7828,4.6285,5.2848,5.9849,5.1925,8.9677,3.4867,4.4399,3.5776,5.4627
TCGA-BRCA-080,BRCA,1,9.039,10.0247,9.7483,10.653,8.0117,7.3764,6.9269,5.7062,4.9452,5.8075,4.5718,6.6873,5.2788,4.4055,3.8336,5.4154,4.3385,9.579,3.4947,4.9678,5.6423,3.883,5.2341,5.2076,4.797,5.5399,4.1105,4.4854,5.6363,4.5132,4.8736,3.7592,3.6748,6.1427,5.4334,6.3424,5.2041,4.4271,5.9102,4.9977,4.5011,4.4393,4.7709,5.7568,4.5049,11.4523,4.5758,5.5139,5.46,3.7403
TCGA-BRCA-081,BRCA,1,9.7859,10.0484,9.152,8.7033,7.6922,9.9892,7.7707,6.0895,5.5022,5.7654,2.8537,6.014,5.8124,5.1079,4.4239,5.2264,4.8844,7.6428,3.1563,4.2236,5.6173,4.9363,4.8842,5.122,5.2399,5.7781,4.7877,3.9219,5.3589,3.5797,5.918,4.3016,4.1586,5.335,6.6328,6.0921,4.9486,3.8084,5.1185,5.0801,3.9212,5.3068,2.9952,5.7567,5.4677,9.8812,4.7692,6.1368,4.0348,3.999
TCGA-BRCA-082,BRCA,1,8.6555,9.0132,10.0474,10.7928,8.3811,7.3394,9.4006,5.9118,5.4825,6.0562,4.0453,6.5276,5.7735,4.9577,4.6107,6.5012,4.7065,7.5991,4.1523,4.0134,4.8115,4.0879,3.7462,5.0398,5.1839,5.4841,4.1003,4.7846,5.6107,3.3053,5.1321,3.6104,4.5275,5.9194,6.3978,6.4032,5.3034,3.7038,5.66,5.529,4.6167,5.4871,3.184,6.3411,4.1729,10.5681,5.0072,5.4391,5.1474,5.0647
TCGA-BRCA-083,BRCA,1,7.8417,8.7119,10.2375,8.6551,8.2561,8.7526,6.2063,5.0555,5.6903,5.2727,4.2637,6.1909,5.748,4.419,3.9673,6.5043,4.3771,7.8145,3.6416,4.5274,5.8072,4.242,5.1546,5.5749,5.4308,5.9946,4.6027,5.564,5.348,4.5945,5.6437,4.1952,4.591,6.1333,6.0713,5.5404,4.7532,4.7131,5.9498,5.145,4.5683,5.7252,4.0007,5.4428,5.2199,8.8676,4.3406,4.2461,5.4884,3.596
TCGA-BRCA-084,BRCA,1,10.0214,9.7166,10.6959,7.9468,7.5828,9.1599,7.159,5.9273,5.1839,5.267,3.9569,4.5204,4.9045,4.6633,4.9914,7.5663,4.1908,9.9352,2.6176,4.465,5.7579,4.2981,4.4768,4.7994,5.6448,5.605,4.4756,5.891,5.1892,3.2839,6.0208,4.883,3.0348,6.0225,6.1133,6.4628,4.663,4.2978,5.6038,4.7353,4.9171,4.6933,3.8329,5.9975,3.9003,9.9615,4.6853,5.5565,4.724,4.7625
TCGA-BRCA-085,BRCA,1,7.944,9.0771,9.9301,10.9086,8.0551,7.6207,7.171,5.7742,5.9694,5.4122,4.5728,5.9667,5.3514,4.6498,3.8477,6.4167,4.0723,7.8134,3.2043,6.0528,4.5191,4.3118,5.2144,5.3242,5.429,5.5688,5.1148,5.588,5.4095,4.2225,5.1846,3.9203,4.7617,6.7437,5.6823,5.7016,4.5984,4.1986,5.5375,5.4418,3.8949,4.6662,4.694,5.7692,3.9378,8.5913,4.5207,5.9216,5.6652,4.9804
TCGA-BRCA-086,BRCA,1,8.1652,10.4931,8.845,9.7083,7.8357,7.6736,7.7622,6.0582,5.7063,5.6071,3.4276,5.5378,6.6279,4.0831,4.7826,6.1071,4.1673,8.0103,4.4031,6.3855,5.1874,4.1137,3.8236,3.981,4.5747,5.5049,4.4266,5.4764,5.4138,4.4555,5.0296,4.3398,3.9611,5.4542,5.1374,5.4439,3.4297,3.6484,5.7779,5.0584,4.2792,5.6797,3.7114,6.3415,4.1658,10.2442,4.7625,5.2479,5.0094,4.5663
TCGA-BRCA-087,BRCA,1,7.1987,9.6339,8.6672,8.8248,8.2056,7.3189,7.1498,5.9129,4.2077,5.9239,3.7677,5.0553,5.4243,4.1821,4.9954,6.8761,4.8416,10.203,3.8304,5.0178,5.688,3.6637,5.3792,4.0958,5.462,4.9689,4.7399,6.0623,5.1968,3.974,5.6418,4.2105,5.0523,6.1836,5.9643,5.5083,4.2037,3.901,5.33,4.7245,3.9394,6.1388,3.5606,6.0738,4.8656,9.6592,4.6565,5.0238,5.4285,4.5399
TCGA-BRCA-088,BRCA,1,8.0159,9.4745,8.0073,9.0787,9.7283,7.9818,7.2324,6.0664,5.7799,4.9883,4.2825,5.1483,6.2626,4.2748,4.3568,6.303,4.6488,9.8463,4.4952,5.2905,5.3704,3.4761,5.2955,4.07,4.7922,5.4822,4.4451,4.4996,4.6473,4.0914,4.9377,5.0482,3.8677,5.5734,6.9603,6.0134,6.0286,3.2537,5.6092,5.2111,4.2824,4.9084,4.6985,6.2337,3.7247,9.653,4.1038,5.0836,5.6772,4.2171
TCGA-BRCA-089,BRCA,1,9.5994,11.1813,9.5618,9.393,7.7664,7.0211,8.6763,6.3029,5.2683,5.2903,4.2775,6.0921,6.6742,5.0835,4.8798,6.2307,4.0242,9.8886,3.5521,4.9439,5.5924,4.5333,5.9932,4.7679,5.4715,5.4919,4.8346,5.601,5.4855,4.9368,4.8945,4.1315,4.2493,6.528,6.2141,6.4214,4.3393,3.6446,5.6594,4.9297,4.5399,5.0757,3.9056,5.963,4.5837,9.3941,4.5842,4.9424,5.6311,4.5037
TCGA-BRCA-090,BRCA,1,7.6432,10.1888,9.9706,9.6651,7.8485,7.9736,7.9042,6.2547,5.1699,5.8996,4.2726,6.4812,5.3163,5.1052,4.6253,6.7198,4.6223,8.7801,3.4516,5.2353,5.8276,4.8221,5.3993,4.9009,4.1755,6.0418,4.7351,5.9082,5.8444,4.1692,5.2644,4.877,2.8156,6.2082,6.5972,5.718,4.4791,4.3623,6.18,5.1939,3.93,5.6979,4.7815,5.5968,5.9686,9.3266,5.16,5.5079,4.8538,4.1809
TCGA-BRCA-091,BRCA,1,8.2099,8.4923,9.0314,10.2477,6.275,7.167,8.2078,5.8074,6.051,4.9958,3.7347,5.1759,6.5865,4.344,4.1808,6.8406,4.9875,8.5928,5.1947,4.8677,5.1135,4.0262,4.4463,4.0551,5.0233,6.1191,4.1326,4.7276,6.0613,3.3889,4.3027,3.7987,3.3729,6.2807,5.944,5.6686,5.2466,3.8692,5.8929,5.724,4.0407,5.4579,3.9547,6.4626,3.7836,9.428,4.4901,4.6997,4.9444,4.2969
TCGA-BRCA-092,BRCA,1,7.7858,9.7176,8.6546,7.9912,7.595,7.2955,7.2204,6.3086,4.8238,5.7911,5.0377,5.6427,5.0499,3.8382,4.5943,7.4183,5.522,10.1609,4.2217,4.873,5.7086,4.4588,4.2428,5.6627,5.6711,5.3389,4.7635,5.8619,5.5127,3.9995,6.0515,4.5028,3.8292,5.5125,4.6588,6.765,4.2517,4.6969,5.0451,5.0518,4.4933,4.4698,4.5542,5.9014,4.8456,9.6412,5.0556,5.0967,6.1748,4.3844
TCGA-BRCA-093,BRCA,1,8.5399,8.704,10.4432,9.1245,7.8797,8.9151,6.9862,6.1988,4.938,5.6141,3.4475,5.8025,5.7903,5.3745,4.4504,6.7484,4.7795,8.572,4.6927,4.8592,5.0247,4.5422,4.4964,3.8115,5.4713,6.2749,5.3583,5.3424,5.179,4.5197,5.7615,5.1943,4.1208,6.0048,5.7666,6.0472,3.896,4.6029,5.7992,5.2609,4.3376,5.8559,4.5117,5.697,4.2747,8.0828,4.9614,4.6441,5.7445,5.0682
TCGA-BRCA-094,BRCA,1,8.5159,10.1624,10.3183,8.184,8.399,8.3937,6.9462,5.514,6.2967,5.4679,4.154,5.3319,5.5695,5.4107,4.6314,5.7266,5.3662,7.1387,3.5411,5.7782,5.3211,4.2784,5.2323,5.4303,4.3526,5.9414,5.3172,4.8098,5.1171,4.1166,5.6838,3.6613,2.5868,6.1953,6.7073,5.6225,4.365,4.1314,6.3041,4.6361,4.5536,4.5126,3.5228,6.423,5.3865,9.6346,3.6588,4.9342,5.3222,4.4365
TCGA-BRCA-095,BRCA,1,6.9312,10.2893,7.5329,8.0076,8.7082,7.7704,8.1391,6.4835,3.6685,5.4821,2.6074,6.0747,5.8278,3.2259,5.3624,5.8969,4.2448,10.4738,2.641,4.0261,4.1963,5.2074,4.8089,5.1357,5.1539,6.0143,4.4783,5.2668,5.3571,3.7979,5.3133,4.512,4.1984,5.3487,5.4519,6.3199,4.5167,4.5072,4.9593,4.2318,3.8467,4.9781,3.7431,6.6475,4.6591,9.3266,4.888,3.9379,5.7308,3.6519
TCGA-BRCA-096,BRCA,1,7.6316,10.9095,9.5448,8.3563,9.0382,7.5343,8.8101,5.7438,5.5427,5.4801,4.0326,5.7411,5.0997,4.7488,4.7032,7.4654,4.6936,9.2789,2.7117,4.6209,5.5262,3.397,5.1772,4.45,4.9053,6.0263,4.4356,5.833,5.6177,4.028,3.7765,4.8732,3.5533,6.5135,6.3695,5.6791,5.1468,4.4754,5.6695,4.1102,4.2884,4.468,3.5277,5.8199,5.301,10.3498,4.9014,5.5294,4.7654,3.6185
TCGA-BRCA-097,BRCA,1,9.9028,9.8662,10.5751,8.9644,8.2786,9.4152,7.1643,6.0239,4.877,4.5836,3.6759,5.8637,5.6539,3.9877,4.0333,6.5286,4.2842,9.8211,4.2439,5.8309,5.9089,4.4284,4.3326,4.9529,5.1667,5.4707,4.8311,4.4323,5.1811,4.3801,5.1928,4.2718,4.0742,5.6697,6.7113,5.2695,4.8292,4.4217,5.031,5.0049,3.8137,5.7849,3.5063,5.6736,3.9572,9.0539,5.4814,5.4155,5.2729,4.0784
TCGA-BRCA-098,BRCA,1,9.1243,9.5451,9.1959,9.0318,7.3618,9.2371,6.4116,6.0526,5.2891,4.9315,4.8536,4.7885,5.892,4.7314,3.9125,6.7023,4.5571,9.7751,5.425,4.81,5.6481,3.8193,4.7501,4.6195,5.3928,5.0144,3.9025,5.7213,5.4083,4.7641,5.5185,4.63,3.9884,5.9907,6.6066,5.7069,5.2619,4.16,4.9155,4.333,4.1826,5.5473,3.7431,6.3664,4.6197,9.2539,4.5409,5.2357,5.6721,4.3981
TCGA-BRCA-099,BRCA,1,8.0753,10.6523,9.7857,9.0628,7.2716,7.5642,8.8624,5.7624,4.6041,5.8333,3.4425,5.5572,6.4277,3.869,3.2418,6.2285,4.5174,9.2387,3.4858,4.7565,4.9697,5.0449,3.9046,5.0284,5.3244,5.3476,3.9274,5.6399,4.8079,3.7989,5.7803,4.3925,3.2445,6.9611,5.8594,5.5771,4.798,4.5274,6.4859,4.1383,4.6815,5.4609,4.0071,6.3941,5.0365,8.3923,5.5606,4.3648,4.6351,4.2758
TCGA-BRCA-100,BRCA,1,8.2697,10.258,9.6152,9.5872,8.5396,8.1286,9.128,6.3699,6.203,4.9531,3.1665,6.9958,6.1219,4.5303,4.3334,6.2711,5.0999,7.3444,4.1556,5.1564,5.7177,4.2712,4.6414,5.4488,5.2943,6.605,3.5679,5.5847,4.8977,4.0657,6.0246,3.874,5.2009,6.6404,6.414,5.3125,4.5803,4.0357,4.8892,5.5152,4.0663,5.0016,4.0131,5.8934,4.8345,8.102,5.1949,4.8462,5.1885,3.7534
TCGA-BRCA-101,BRCA,1,8.8037,10.5418,10.0104,9.4354,7.9732,8.2558,8.5109,5.9769,5.8658,5.8934,3.3551,5.7302,6.514,4.3655,4.9938,6.2248,4.1855,8.259,3.5962,4.3579,5.4465,4.5627,3.8476,4.7973,4.71,5.4032,4.5056,4.8561,5.9944,4.6962,5.9275,4.1277,3.6619,6.1286,6.0492,5.4741,4.0823,4.1941,5.3033,5.3125,4.601,5.6398,3.446,6.201,4.2056,8.4952,4.4715,5.6785,5.0166,5.1894
TCGA-BRCA-102,BRCA,1,8.4227,10.0529,9.1074,10.2964,6.7828,8.3322,7.7685,6.5775,5.4033,4.7498,4.3878,5.8375,6.3918,4.2773,4.972,6.327,4.325,7.0759,3.2109,4.7293,5.3963,4.6127,5.2648,4.8203,5.0372,6.2838,4.5548,4.6697,5.0422,3.0372,4.8682,3.53,4.3186,6.6933,5.654,5.3267,5.1417,3.9894,5.6337,5.3399,3.9144,4.7451,3.8225,5.2237,4.8127,9.8677,4.7256,5.824,5.0722,4.7155
TCGA-BRCA-103,BRCA,1,7.8672,9.7189,10.2019,9.9006,7.1855,8.3771,8.4114,6.4028,5.3314,6.7954,4.4574,6.0121,5.4235,3.9797,4.5677,6.1686,5.5062,9.2779,4.1057,4.0512,5.01,4.9347,4.3612,5.3671,5.2407,5.7532,4.0879,5.0842,5.3981,4.6185,4.8937,4.2437,4.1655,6.4189,5.6702,5.1202,5.0071,3.4559,6.1478,4.8904,3.4947,4.8492,4.2652,5.7342,4.5793,9.2286,4.5847,4.6756,5.0533,5.1141
TCGA-BRCA-104,BRCA,1,7.9533,9.8869,10.6463,9.9061,9.0147,8.2539,7.782,5.8225,5.905,5.4148,4.7484,6.4993,6.0697,4.3862,4.0858,7.1511,5.0661,9.1304,4.8527,4.9552,4.6358,4.0936,5.0063,5.5598,6.184,5.7402,4.7474,4.8255,4.8596,3.2593,5.5316,5.0074,4.5311,6.1311,6.7362,7.2539,4.2543,3.0031,5.6765,5.5096,3.4948,5.5058,3.9071,6.1689,4.1098,9.0173,4.1334,5.4779,4.8906,4.5416
TCGA-BRCA-105,BRCA,1,7.6781,9.3884,8.1335,9.6826,8.5013,7.3029,9.1279,5.7536,4.7615,5.5311,3.596,5.9984,6.5028,4.3319,5.2855,6.6392,4.3797,9.2723,3.628,5.2174,5.101,4.7609,5.2469,4.419,4.6653,6.0837,4.5152,4.7883,5.1272,4.0669,4.5542,4.758,3.9038,4.6957,6.1125,5.4077,5.5146,3.9222,4.9565,5.2223,3.9383,4.6997,4.3304,5.4803,3.8407,11.0916,4.9755,5.012,5.201,4.6596
TCGA-BRCA-106,BRCA,1,8.4977,10.7411,9.5962,7.6051,7.2284,8.0559,8.2841,6.5557,5.3539,5.3908,4.3878,6.4626,5.8908,4.872,4.0949,6.0018,3.6528,10.5907,3.0532,5.3385,5.018,4.458,4.6701,4.505,5.2432,6.3659,5.3342,5.5027,4.6983,3.3994,5.9061,3.8765,4.4511,6.1545,6.7837,6.0334,4.6549,5.2455,5.9169,5.2457,3.9272,4.5161,3.9459,5.2511,4.4083,10.5895,5.1767,4.9731,6.6708,5.0434
TCGA-BRCA-107,BRCA,1,8.5614,9.2786,9.8295,9.2148,8.8447,6.3037,7.7857,6.2863,4.8487,5.4307,3.4675,4.8487,6.3449,4.4653,5.1989,6.3865,4.4922,8.7225,4.3937,5.1241,5.5074,4.8597,4.4944,4.3074,4.9709,5.83,3.8385,4.463,5.527,3.899,5.2537,4.1953,4.9034,6.7184,5.5057,5.5121,5.0952,4.5158,5.4846,4.3995,3.9272,4.831,4.2142,6.8524,4.2259,7.9943,4.6315,5.66,4.4793,5.1335
TCGA-BRCA-108,BRCA,1,9.318,8.2824,7.916,9.092,8.716,10.5488,8.5099,5.6482,4.3306,5.8276,3.319,5.7302,6.2744,4.6142,3.9355,4.9611,4.7755,9.6076,4.3964,3.3946,5.4052,4.7653,4.4326,4.0077,4.541,5.7461,4.1958,5.2833,5.943,3.9025,5.9465,4.3173,4.3126,6.029,6.3068,6.0478,4.9911,4.2165,3.8399,5.2661,3.2833,4.7859,2.88,6.8498,4.778,8.679,5.3952,5.4102,5.2651,4.6043
TCGA-BRCA-109,BRCA,1,9.8888,9.0769,10.2859,9.7107,8.0116,7.6384,9.6785,5.8072,4.6888,5.2231,3.5762,6.3124,5.3834,4.6027,4.032,5.6872,4.8226,9.2065,3.4157,4.3042,4.9563,4.5076,5.4022,4.8116,5.2156,5.5666,3.6675,5.615,5.7575,4.4576,5.2456,4.6737,4.59,6.8976,6.6187,5.8104,4.016,4.2927,5.6336,5.3229,4.9454,5.0418,5.1261,5.1209,4.779,8.422,3.7322,5.0433,4.4742,4.326
TCGA-BRCA-110,BRCA,1,8.2412,10.5295,8.139,8.8951,7.2974,8.3175,7.8287,5.5427,5.0758,5.6028,3.8593,6.4792,5.9194,3.7138,4.0326,6.3982,4.4376,9.4329,3.4428,3.4567,5.8586,4.2615,4.0825,5.2822,3.9506,4.9395,5.5039,5.2045,4.9347,4.1564,5.2458,4.393,4.3877,5.9885,6.3017,5.6995,4.2597,3.6618,6.1649,5.292,4.787,5.0913,4.1885,5.9113,5.1481,9.1805,4.1937,5.4048,5.1267,4.5316
TCGA-BRCA-111,BRCA,1,9.8708,10.858,8.4307,9.8539,8.944,7.8468,7.6902,6.3875,4.5834,5.713,4.1187,6.2988,5.4543,3.9087,4.162,6.7509,5.2618,9.4353,4.5897,5.0708,4.8439,4.1024,4.7477,4.4898,5.292,6.0876,4.7074,5.6439,4.851,4.5686,4.9888,3.9047,4.4092,6.6955,6.3684,5.7889,4.8252,4.2831,4.9423,4.347,4.2291,5.1293,4.0813,6.3386,4.4616,10.339,4.6135,6.0558,5.2431,5.577
TCGA-BRCA-112,BRCA,1,9.4388,10.7881,10.0292,8.9544,9.6345,9.3325,7.9366,5.8708,5.2982,5.305,4.1962,5.971,5.5973,3.517,5.1329,6.0182,5.4068,8.3423,3.9147,4.6779,5.5534,3.8024,5.2339,4.6226,5.4662,4.9971,4.062,5.3172,5.2215,4.3306,5.4404,5.2891,4.4133,5.8712,5.9278,6.3805,3.906,4.4945,4.9474,5.5229,4.0524,5.3525,4.0943,5.3072,4.8895,8.9729,5.0867,4.6431,5.3238,4.4262
TCGA-BRCA-113,BRCA,1,9.3802,11.5685,10.1066,10.0854,7.5906,9.1716,6.7444,4.634,4.9271,4.83,4.7842,7.0416,5.1299,5.113,4.8757,5.3911,4.4742,9.5612,4.5105,4.0263,5.2966,3.9639,4.8794,4.6976,4.7357,5.6207,5.4573,4.9229,4.7828,4.3939,5.2648,3.6675,5.2589,5.9113,5.9355,5.8584,5.5352,3.375,5.6433,6.012,4.3328,4.4717,3.7665,6.1039,5.2347,9.5647,5.0991,4.4265,4.4809,4.1653
TCGA-BRCA-114,BRCA,1,8.4765,10.7825,9.3002,8.6523,8.1463,8.6442,7.6385,6.7036,5.7875,5.0335,4.1491,6.3726,5.2929,4.8202,5.6149,6.4302,4.7503,9.4337,3.7039,4.1531,5.1073,3.326,4.86,4.6372,5.3124,5.7873,3.9339,5.2316,4.9466,4.9299,4.9149,4.1401,3.6363,5.5374,6.1394,5.1557,4.5762,4.4299,5.2935,3.8669,4.9355,5.2227,4.2149,5.8845,4.9748,10.1386,5.2047,5.2785,4.5148,4.6093
TCGA-BRCA-115,BRCA,1,9.3621,10.1685,9.223,10.3769,8.0951,7.8621,7.2688,5.5075,4.8829,5.4902,4.4461,6.4557,5.4007,4.7932,3.982,5.2273,4.4858,10.4295,4.1679,4.6399,5.1377,4.112,4.6971,4.2718,4.8293,5.6196,3.7637,4.7121,5.5086,4.1069,5.1822,3.9194,4.9315,5.6686,6.2502,5.5345,4.6883,4.4437,4.8202,4.965,4.8638,5.9701,4.0106,6.0213,5.675,9.339,4.3771,4.8347,5.681,3.9012
TCGA-BRCA-116,BRCA,1,8.3069,9.1414,8.2509,8.9857,7.1995,6.2904,8.7332,4.5919,5.5581,5.7899,3.9957,6.1709,5.6887,4.5797,4.5068,6.6316,5.4357,9.3677,3.4074,5.0196,5.5991,3.9824,4.1995,4.6176,4.4729,5.0327,4.688,5.1477,5.3171,4.5655,5.2387,4.7903,3.7736,5.7149,6.1314,6.8391,5.3129,4.7639,4.8193,5.0409,4.679,6.1321,3.2338,6.366,5.1015,9.5988,4.0106,5.2708,5.4172,4.4956
TCGA-BRCA-117,BRCA,1,7.7357,9.4377,11.0063,10.0096,7.5108,8.3703,8.1945,5.9576,6.3398,5.9685,4.3866,5.7321,6.1451,4.5755,4.6599,5.6652,4.7334,8.6351,2.2717,5.1399,4.5949,4.3605,4.8092,4.9693,4.8618,5.863,4.6748,5.4988,6.17,4.2193,5.3686,3.9218,4.3611,6.4212,6.0282,6.0508,4.5239,4.5504,5.9616,5.4176,4.3274,4.5694,3.7697,6.2981,5.7937,8.6223,4.9137,4.8661,4.7158,4.0685
TCGA-BRCA-118,BRCA,1,8.9526,9.5367,9.2356,8.0334,8.4522,9.2632,7.9597,5.7639,5.7716,5.4123,3.7862,6.2835,6.0857,4.93,5.1118,6.38,5.0976,9.3986,4.544,4.9956,4.5534,4.5557,5.3312,4.4046,4.8073,5.6973,4.5343,4.8538,5.3319,4.3588,4.3315,4.4125,3.9518,5.2341,6.4065,5.9341,4.7526,4.5201,5.6659,4.5994,4.63,5.5365,3.5328,6.4408,4.4275,9.7647,4.7617,5.0581,5.4724,4.2401
TCGA-BRCA-119,BRCA,1,7.7944,8.8524,9.2807,9.4856,8.8484,7.6673,7.5791,5.7334,5.0467,5.5842,4.7105,6.0594,5.7873,5.356,4.8381,6.7424,5.6484,9.4178,2.603,5.057,4.5501,4.5329,3.7858,4.5726,4.8215,5.3423,4.2649,5.6476,4.9463,4.3748,4.8538,4.2804,4.305,5.5893,5.4685,6.0244,5.2317,4.1753,5.2767,5.0462,4.2962,5.2108,2.8115,5.466,4.1467,8.446,4.7787,5.4622,5.3316,3.7563
TCGA-BRCA-120,BRCA,1,9.6071,9.3792,9.3237,10.2942,6.9795,9.0339,9.3632,5.4986,5.4913,5.766,3.508,5.4493,5.3734,4.4411,4.6094,5.8634,5.6347,8.4934,4.1965,4.4255,5.381,4.8577,5.1027,5.2606,4.8515,5.4659,3.7256,5.3956,4.5441,4.0944,5.1265,4.4864,4.7259,6.7644,6.4756,5.3963,4.659,3.778,5.1782,5.2095,3.7814,4.8622,3.5408,6.3297,4.389,8.471,5.5026,5.6508,4.1951,4.7741
TCGA-BRCA-121,BRCA,1,7.06,10.5038,9.9727,8.616,7.4676,6.4447,9.0881,5.9266,5.7761,5.3648,3.9269,6.4905,6.1975,4.8659,4.2524,7.1526,5.2239,8.0286,3.5287,5.3121,5.0189,4.6216,4.6135,3.8852,5.5677,4.3485,3.4472,5.395,5.5668,3.7834,5.4105,3.1094,4.4966,6.2124,6.1016,5.7889,4.9168,4.2004,4.5683,6.0665,4.8689,4.4469,3.9031,5.8825,5.1087,8.7378,4.4363,4.2638,5.0602,4.1704
TCGA-BRCA-122,BRCA,1,8.53,8.4252,10.9784,8.8165,8.8511,9.2244,6.6235,5.8622,5.1851,5.5434,4.2234,6.1413,5.1614,4.5158,4.3909,6.6502,5.7123,9.6003,4.647,4.8128,6.2387,3.8789,4.4631,4.5159,4.7554,5.748,4.5413,5.3468,6.1756,3.3399,4.734,3.1542,3.7221,5.8655,5.7752,5.209,4.7147,4.0215,5.0629,5.0439,3.9819,5.6677,3.9938,5.8255,4.7001,8.0341,5.2925,5.5366,4.8062,3.8414
TCGA-BRCA-123,BRCA,1,8.0903,10.039,9.3106,8.8054,8.7274,8.3101,8.1237,5.5558,4.5514,6.0005,4.2769,6.2756,6.0448,4.1244,3.8972,6.5313,5.2499,10.3942,4.4932,4.6553,5.481,4.3127,4.1297,4.8183,4.3359,5.6653,5.2573,5.5427,4.8418,4.066,4.9194,4.3439,4.6637,6.4141,7.3665,6.3747,4.7722,4.5535,5.4041,4.4046,4.9214,5.5939,3.9551,6.1375,5.1898,9.1878,3.9542,5.266,5.1189,4.9632
TCGA-BRCA-124,BRCA,1,9.2955,9.8521,9.6675,8.7856,8.4044,8.8769,7.6236,6.594,5.42,5.3686,3.9727,6.1003,5.8119,4.9309,4.8894,5.6051,5.2033,9.7351,3.4609,3.9037,5.4524,4.1299,4.9202,5.1293,5.6629,5.1968,5.5085,5.579,5.6604,5.0604,5.4955,4.892,4.228,6.508,6.7052,6.3079,3.9142,4.008,6.0912,5.2174,4.2438,5.3432,3.5238,6.3937,4.755,9.1688,4.5963,5.2597,5.0656,4.2447
TCGA-BRCA-125,BRCA,1,7.9023,8.8075,8.8551,9.1777,8.5536,8.7456,7.5603,6.5454,6.0471,5.5012,3.82,7.2636,6.192,4.5953,5.0818,6.6882,4.4165,8.4411,3.9834,3.6446,5.2021,4.9984,4.3868,5.5791,5.7107,5.6946,4.155,4.9876,6.6356,5.0394,5.3993,4.0711,4.2016,6.2095,5.5027,5.8185,5.3314,3.3152,5.9186,5.6557,3.9882,5.9365,3.7305,6.221,4.4159,8.8609,4.3771,5.4934,5.6272,4.3745
TCGA-BRCA-126,BRCA,1,9.9885,9.5502,8.9583,9.3687,7.1578,8.1684,7.2485,5.0315,5.9071,5.4677,4.4193,5.9792,6.1028,5.6302,3.8284,5.4393,4.219,9.6219,3.9312,5.0844,4.0242,4.4941,4.4623,5.5003,5.3327,5.5175,5.2292,5.9671,6.0562,4.4834,5.198,4.4912,3.9348,6.1982,5.8271,5.6936,5.7419,4.3703,5.2904,4.4182,4.2186,5.4621,4.144,5.9735,4.7821,9.1544,5.0384,5.5101,5.1585,4.3374
TCGA-BRCA-127,BRCA,1,8.188,9.7775,8.71,8.7404,7.4329,7.1426,7.1493,6.0007,5.7048,4.7703,3.9231,6.888,6.5397,4.8926,4.6684,6.9392,5.6283,9.2057,3.601,4.5056,6.8944,3.5222,4.4074,4.0997,5.0657,5.126,4.3849,4.1563,5.6121,4.7134,5.1446,4.3076,4.0614,6.178,6.1053,6.1625,5.2867,3.8078,5.3506,5.4191,3.5576,4.104,4.1888,6.2487,4.2082,9.6399,4.3057,4.7107,5.5495,3.8164
TCGA-BRCA-128,BRCA,1,9.9073,9.4332,8.1553,10.5319,7.571,8.7129,8.1647,6.0791,5.7651,6.0266,3.3241,6.7684,6.0867,4.6562,4.6113,5.4262,4.5644,9.1515,2.7706,4.3968,5.7588,4.4505,4.8615,4.5828,5.1915,5.6279,4.9138,5.4791,5.3832,3.7015,5.4731,4.4964,4.2028,5.8496,5.7971,5.9397,4.2413,4.089,5.7987,5.1891,3.6899,5.2387,5.0916,6.3383,4.432,10.5584,5.7854,5.5758,4.337,4.7151
TCGA-BRCA-129,BRCA,1,9.3008,10.9201,9.2172,9.0463,8.772,7.829,8.926,5.7089,5.7708,5.2231,4.921,6.0915,5.0616,3.8698,4.4218,6.3095,5.6542,7.5155,3.2501,4.111,5.0997,5.1489,4.0746,5.0995,5.1998,5.7153,4.699,4.5513,6.1315,5.0646,5.3602,5.5867,3.9436,6.2878,6.8403,5.549,3.9794,3.409,6.5357,4.7038,4.1756,4.533,4.5498,5.6097,4.3237,9.4949,4.1537,5.0549,5.9039,4.6208
TCGA-BRCA-130,BRCA,1,9.362,10.5239,8.832,8.9345,7.9026,8.9803,8.7051,5.3723,3.552,6.281,4.035,5.505,6.2916,4.363,3.8826,6.8961,4.6951,8.4878,3.3812,4.1276,5.7139,3.6827,4.244,4.8566,5.7328,5.7938,4.7334,5.1824,5.7565,5.071,5.1177,4.3822,4.2299,6.3525,6.1906,5.5066,4.6666,5.4307,5.6623,4.013,4.071,5.0961,4.0054,5.9663,4.7124,9.081,4.8152,5.6195,4.4551,4.2804
TCGA-BRCA-131,BRCA,1,8.5525,11.1744,8.9677,9.6052,8.1531,7.3898,8.0974,6.061,5.0503,6.0817,4.6605,5.4646,6.5978,4.6495,4.5416,6.9642,4.3858,9.9301,3.8889,3.9032,4.8472,4.5904,4.17,5.611,5.598,6.3941,4.5017,5.2602,4.7065,4.6001,5.5265,4.6588,4.9873,5.7846,6.0613,5.9418,4.2024,4.1211,5.7518,4.8056,4.923,4.3339,4.637,6.3311,4.2849,8.5999,3.6456,4.7466,5.7264,4.3786
TCGA-BRCA-132,BRCA,1,8.9048,10.0023,10.0317,9.3842,9.455,8.1859,8.1301,6.6646,4.8961,6.1621,4.2986,6.2558,5.7153,3.726,4.5415,6.8215,5.6667,7.6966,2.4419,4.0511,6.1417,4.083,5.3246,4.8091,4.516,6.728,5.0982,5.0416,5.8017,4.1637,5.5554,5.2563,3.3833,5.9082,6.139,5.9457,4.0458,4.6733,4.9283,4.3434,4.1431,6.0371,5.3465,6.2448,4.4502,9.3506,4.8532,5.8773,4.5937,5.0039
TCGA-BRCA-133,BRCA,1,9.6868,10.0693,10.3725,9.519,7.6707,7.8683,8.2019,6.1047,6.2508,5.574,3.2482,6.1489,5.2245,4.8989,4.6624,6.0437,4.5038,8.4135,3.5905,4.2546,4.6522,4.8762,4.45,4.8895,5.146,5.8884,3.8524,4.2934,5.009,4.3,4.9726,4.1977,5.2068,5.1648,5.7469,6.7268,4.6479,3.8619,6.0897,4.996,4.0943,5.1856,3.7466,5.4918,4.5125,9.3136,4.6911,5.3214,5.6293,4.9706
TCGA-BRCA-134,BRCA,1,6.5697,9.9242,9.2199,7.5248,9.0935,8.6441,7.289,5.7312,5.0898,4.7727,3.9933,6.5926,5.6033,4.264,5.1948,6.0668,4.8454,9.4456,3.5948,4.9813,5.8408,4.7587,5.1504,3.7646,4.4174,5.4701,4.0413,4.7713,5.7481,4.1556,5.2682,4.2624,3.943,5.9666,6.8182,4.8964,5.3074,5.3617,6.1387,4.4734,4.0252,5.606,3.9513,5.7475,4.5188,9.0248,4.6206,4.541,5.564,3.9845
TCGA-BRCA-135,BRCA,1,7.6615,10.0676,8.5151,8.9329,8.1506,7.4726,8.1322,6.1274,5.4918,5.6546,4.0732,6.4662,4.7117,5.2393,3.2978,5.8359,4.556,8.6097,1.9629,4.6266,5.7423,4.8041,4.2941,4.6556,4.6953,5.531,3.9234,4.6867,5.5205,4.168,5.5824,4.4822,4.4953,6.5267,5.2535,5.3513,4.5545,4.2035,5.1703,5.4243,5.2585,5.1825,4.1178,6.4252,3.6364,10.0854,5.1753,4.8226,4.5895,4.3138
TCGA-BRCA-136,BRCA,1,9.0405,11.1124,10.0469,9.6282,7.0717,8.911,8.7641,6.2627,4.5113,4.8408,3.7007,6.2675,6.111,3.9401,4.5621,6.4608,5.0033,7.9737,3.3123,3.9919,6.2162,4.5439,3.8366,5.4193,5.3326,6.3245,4.16,4.9218,4.897,5.1608,5.0861,3.8975,3.8196,5.925,6.9024,5.9169,5.2869,4.3575,5.4152,4.4471,5.0655,5.5849,4.6166,6.4631,4.2143,9.9412,5.2292,5.6163,5.2811,5.3942
TCGA-BRCA-137,BRCA,1,7.6621,9.8526,7.9599,9.2407,7.9456,8.6762,8.4529,5.6104,5.6972,5.4207,3.1848,5.6426,5.6162,5.1512,4.8506,7.4743,5.4962,7.7778,3.9495,4.4351,5.0103,3.3861,4.6353,4.1632,4.9863,6.7853,4.1846,5.2287,5.7566,4.2423,5.4828,4.194,4.0272,5.6075,6.5474,4.9077,5.1557,3.513,5.9866,4.7914,3.6525,5.379,4.54,5.7815,4.9296,8.6898,4.0255,5.7904,5.0909,3.4756
TCGA-BRCA-138,BRCA,1,7.8522,9.2788,10.3838,8.5271,9.0796,7.6737,9.186,5.3951,5.716,6.0088,3.7195,6.5237,5.7623,4.1584,4.3018,6.7821,4.518,7.9633,3.6421,4.9206,5.4191,3.4981,4.3504,4.384,5.8689,5.7863,4.2992,4.852,5.2409,4.478,4.4216,4.4902,3.8908,6.3029,6.5239,5.4307,3.9855,4.0627,6.1488,5.3862,4.0797,4.772,3.796,5.3517,4.9617,10.6725,4.4922,4.8938,4.8536,4.1815
TCGA-BRCA-139,BRCA,1,8.1447,9.4195,10.0632,7.9238,9.1447,8.6466,7.9463,6.3062,6.1773,5.9454,3.8597,5.6621,5.9037,4.9037,4.2065,6.5826,6.0803,8.7384,4.5085,3.9106,4.9925,4.3442,4.1421,5.6062,5.7085,5.4606,5.3312,5.1292,6.598,4.1745,5.6247,5.0751,4.7819,6.3429,6.0538,6.0355,4.2621,4.2909,4.9507,4.0779,4.2937,5.7205,4.5386,5.9595,5.4428,8.6912,3.7268,4.0531,4.6122,4.815
TCGA-BRCA-140,BRCA,1,8.2672,9.9698,10.0012,9.7814,8.5935,7.7967,6.7369,5.6658,4.9716,5.4291,4.5742,5.3974,5.5396,4.2699,3.743,5.733,4.4983,9.7465,3.1641,4.8702,5.4036,3.0661,3.9251,4.9978,5.1723,5.6931,5.1043,5.3863,6.0885,2.8724,6.2037,4.0716,4.1555,6.6809,5.067,5.6518,5.1746,3.9064,5.9622,5.3065,4.3531,5.3888,4.723,6.3018,5.0339,7.972,4.9768,5.3888,5.7647,3.8277
TCGA-BRCA-141,BRCA,1,8.911,10.3327,8.4174,9.327,8.5098,7.4043,8.1767,5.6536,5.9783,5.1348,3.6795,6.2308,5.646,5.5812,4.3188,5.867,5.1412,10.2221,3.8217,4.5601,6.3581,4.257,4.4219,4.4831,4.14,6.1382,3.2652,5.1285,5.2009,5.2222,4.4208,3.9246,4.0751,5.9888,5.8496,5.738,4.0404,4.3935,4.3446,4.9555,3.9683,5.5975,4.9533,5.835,5.2647,8.2936,4.2027,6.0171,5.4632,4.4089
TCGA-BRCA-142,BRCA,1,9.3106,10.5199,9.6728,8.733,8.0123,8.0155,7.5901,5.6736,5.4411,4.8721,4.0613,6.674,5.8793,4.1334,4.2172,5.9992,4.9495,10.0856,3.2078,4.7724,5.4388,4.2735,4.8204,4.6912,4.5039,5.8342,4.7639,5.1077,5.833,3.9835,5.5669,3.5843,5.2643,5.9738,5.8803,5.6456,4.1958,3.6306,5.5258,5.0254,4.3804,5.0724,4.0341,5.399,4.3256,8.629,4.4164,5.2902,5.1352,4.3352
TCGA-BRCA-143,BRCA,1,8.8691,9.7473,8.7412,10.058,9.0095,8.3453,7.9989,6.761,5.9389,5.3894,4.4525,7.6324,5.884,4.1508,4.4862,6.1419,4.4071,9.5015,2.7258,4.3079,5.7252,3.4295,5.0943,3.8,4.1377,5.4779,4.5827,5.7939,5.3321,3.9789,5.6264,3.9397,4.2128,5.4878,6.1657,5.7136,4.268,4.2974,5.5846,5.5561,3.4657,5.0514,3.6955,6.4354,4.9463,8.9731,4.3338,5.5869,4.4377,3.539
TCGA-BRCA-144,BRCA,1,8.4218,10.8442,9.797,8.7338,8.9534,8.1796,7.4787,6.1297,5.316,5.8514,3.0345,6.8716,5.7651,4.0997,4.6997,6.6509,4.1811,9.5584,4.1382,4.6267,6.1581,4.2968,4.5778,4.4658,4.5909,5.9234,4.2044,5.0374,5.4024,4.134,5.4041,4.4408,4.4554,7.4081,6.739,5.5973,5.2779,3.688,5.2222,5.3218,4.6064,5.3902,3.7805,5.7088,4.6349,9.0215,5.1299,5.0055,5.0494,3.5938
TCGA-BRCA-145,BRCA,1,9.9419,9.869,9.6034,8.2366,6.8876,7.0572,7.7431,6.5675,5.6652,5.8351,3.982,6.5213,5.9745,5.3694,4.3508,6.7988,5.1064,9.3437,2.9134,5.1053,5.2823,4.0849,3.9013,4.8032,5.0201,5.0759,3.7026,5.3746,5.7392,4.1973,5.912,4.332,4.1159,5.629,5.3443,6.7058,5.2358,3.5186,5.5832,4.9183,4.1315,4.8849,4.2663,6.4096,4.7705,9.511,4.6072,5.6126,5.4345,4.443
TCGA-BRCA-146,BRCA,1,8.9774,10.1435,8.4306,9.1418,8.5878,8.5793,9.6514,5.4215,4.8021,5.1034,4.2179,6.1605,6.1864,4.4291,4.3022,5.9639,5.5176,8.6382,3.151,4.6613,6.3623,3.7711,4.6377,4.3673,5.2024,4.6953,3.9212,5.7705,5.308,3.7295,5.3137,4.3435,4.4235,5.0497,5.6061,5.301,4.9849,4.2117,6.2256,5.3829,4.0955,5.0646,4.7226,6.7171,4.5215,8.6723,3.6353,4.0936,5.4388,4.6327
TCGA-BRCA-147,BRCA,1,10.282,9.411,10.1233,8.7645,8.8778,7.9362,8.4508,5.6057,5.2482,4.9928,4.0229,5.9394,5.5964,4.6274,3.4897,5.6781,5.828,9.2651,3.8292,4.668,5.0446,3.6466,4.7126,5.5327,4.8087,5.6869,4.9445,5.3018,4.5172,4.1516,6.0927,4.3567,2.7724,6.2817,6.0252,4.8639,3.8305,4.7024,5.1391,4.5146,4.2507,4.7673,4.1257,5.8991,3.9693,8.5641,4.9071,5.1651,5.1618,5.3754
TCGA-BRCA-148,BRCA,1,8.2133,9.5063,8.8817,9.6313,8.7626,8.2946,7.6809,5.3982,5.4562,5.1853,3.761,5.7597,5.6671,4.8352,3.4051,7.1892,4.5673,8.1149,3.7582,4.5376,4.8226,3.546,4.9904,5.1859,4.7968,6.388,4.4572,5.7953,4.8246,3.5623,5.0798,4.1754,4.7187,6.2342,5.7448,5.7841,4.4561,3.813,5.4654,4.8729,3.8856,4.7012,4.483,6.2122,5.0412,9.4881,4.1419,4.8572,5.7164,3.6065
TCGA-BRCA-149,BRCA,1,7.9811,10.4828,9.0796,9.1314,8.68,7.2008,8.9084,5.5754,5.5687,5.3224,3.7376,5.1787,6.1305,5.1167,3.942,5.0374,5.071,8.0689,3.7613,4.1885,4.7944,4.4311,4.1236,4.4524,5.1803,4.5128,5.2605,5.1531,4.6568,3.5936,5.8324,4.6757,4.8365,5.7462,6.2727,5.9918,5.0178,4.7785,5.1467,4.9113,3.9634,5.0631,4.4249,5.1735,5.124,7.9658,4.5321,5.7661,5.3668,4.5764
TCGA-BRCA-150,BRCA,1,8.0936,10.35,10.4429,8.8788,7.4642,7.4446,6.9939,5.826,4.947,4.8669,4.2356,6.3627,6.6811,4.2505,3.4549,6.3911,5.1332,10.1599,4.7993,5.3835,4.8577,5.0809,4.4787,5.2052,5.1331,5.241,5.0195,4.9033,6.2327,3.7206,4.8344,4.0437,4.8907,5.3039,6.5809,6.6947,4.5855,4.0183,5.5453,4.4071,5.5926,5.4243,3.4654,5.5969,4.6589,7.8099,3.9336,5.291,5.7058,4.8643
TCGA-BRCA-151,BRCA,1,7.9979,10.7755,7.7815,10.7038,7.5085,7.4227,7.2261,5.8514,6.0519,5.6925,4.3285,6.2711,5.9471,4.622,3.4336,5.5509,5.2505,11.2967,3.0806,4.8522,5.0606,5.3307,3.9658,5.1185,4.2997,5.5681,4.4221,5.6662,4.7647,4.4339,5.346,4.5115,4.6223,5.4463,6.5297,5.494,5.2181,4.3822,5.4005,4.6733,4.6801,5.7199,3.8092,5.434,4.9164,8.8048,4.033,4.6128,4.995,3.7385
TCGA-BRCA-152,BRCA,1,10.0724,8.4705,8.9033,8.1224,7.7806,8.6276,8.422,6.0109,5.0202,5.2883,3.6721,6.5487,5.5951,3.8707,4.881,5.5464,3.9894,8.9887,3.978,4.6638,5.2402,4.1667,4.4923,4.6692,4.7085,5.6757,4.1345,5.243,5.2916,3.752,5.2932,4.6466,3.0149,6.3766,5.5112,5.549,3.2553,4.4977,5.1352,4.7184,4.3138,4.104,4.1067,6.3246,4.6564,9.9955,4.7063,5.1064,5.582,5.0342
TCGA-BRCA-153,BRCA,1,7.9848,10.9274,8.3281,9.2122,7.0319,7.942,8.0211,5.6914,5.4532,5.3505,4.6085,5.6469,5.7379,3.7648,4.2266,5.5354,5.0425,9.8881,3.9271,4.6551,4.9061,3.9067,5.4078,5.5238,5.0646,5.4696,5.1236,4.7841,5.4177,4.7782,4.9184,4.7898,4.4034,6.0678,5.6277,5.4163,4.8149,3.5032,5.5707,5.2389,4.7611,4.3902,4.7338,6.8482,4.7744,8.9241,4.5217,5.1204,5.338,4.4177
TCGA-BRCA-154,BRCA,1,8.0734,11.0969,9.269,9.0959,8.2674,8.4892,8.8879,5.4517,4.9947,5.3052,4.7689,6.3907,6.2523,3.5637,4.4173,6.5317,4.9155,11.0392,2.6527,4.8404,6.4485,4.052,4.7176,5.1443,3.9254,5.8605,4.0422,6.1552,5.1996,3.747,5.7599,4.6192,4.5911,7.0428,5.8318,6.638,5.6089,3.8306,5.1695,4.9919,4.1686,5.9439,3.6437,6.1228,4.1866,9.8618,5.7566,6.0557,5.392,4.7216
TCGA-BRCA-155,BRCA,1,7.4983,9.6058,9.1636,9.8487,8.1441,6.6259,7.5168,5.6713,5.5457,5.5053,3.6687,6.6859,5.9016,4.6849,3.5375,4.8411,3.9506,8.3818,3.8807,3.4696,6.1425,4.3922,5.3229,4.363,5.2553,5.77,4.8481,5.0144,5.5399,4.6533,5.011,4.4963,3.1992,6.4388,7.1017,5.1563,4.6245,4.6551,5.521,5.0509,4.073,4.8753,4.0323,6.0213,3.9786,9.0525,5.47,4.9346,4.5841,4.331
TCGA-BRCA-156,BRCA,1,9.1721,10.0443,9.5138,9.4698,6.5319,8.521,8.2725,6.7576,6.354,5.4185,4.5013,6.2913,5.8325,4.4484,4.3275,5.7572,5.4976,8.1938,4.2221,4.1915,3.9297,4.0754,4.2247,4.0592,5.6537,5.0592,4.7307,6.1384,4.7284,3.9867,6.013,4.1675,4.3093,6.4072,6.2112,5.5543,4.2797,3.6675,5.8036,4.6394,4.8665,5.884,3.4972,6.3696,5.5988,8.1753,5.2861,5.4251,5.683,4.0285
TCGA-BRCA-157,BRCA,1,7.5183,11.0462,10.3102,9.742,8.6144,8.4003,7.0097,6.1763,5.1325,5.6157,4.1325,5.9576,5.8628,4.2795,4.2101,6.7489,4.757,8.691,3.3254,4.8524,5.6113,4.1077,5.6852,3.6614,5.3955,6.0838,4.7101,5.2194,5.5787,4.5363,4.9737,4.5248,4.0515,5.5407,6.483,5.4963,3.9212,3.9453,5.1059,5.4826,4.3451,5.7806,3.7424,6.4376,5.9891,9.4993,5.1166,5.4909,4.4917,4.6996
TCGA-BRCA-158,BRCA,1,9.1335,10.2821,9.3924,9.7283,7.2628,7.1865,8.3991,6.5851,5.7967,5.2362,3.5267,5.9271,6.445,3.4035,4.4418,6.2979,5.2685,9.6126,3.0502,5.239,4.1792,4.613,4.9937,5.6486,5.117,5.3952,3.9351,5.8614,6.1519,3.878,5.3477,5.0568,4.5276,5.9942,5.7446,5.3578,5.1468,4.0314,5.302,5.2743,4.3088,5.2841,3.9136,5.8177,4.2021,10.3443,4.7283,5.2907,4.6929,4.7545
TCGA-BRCA-159,BRCA,1,7.8838,10.295,8.1421,9.4976,8.048,7.2223,7.7741,6.4688,5.3927,5.7293,4.6224,6.0722,6.8615,4.2432,5.399,6.2862,4.9281,8.4521,4.0928,4.4016,5.4915,3.9816,5.1113,4.4781,5.8451,5.2294,3.7665,5.6071,5.0075,4.0986,5.1755,3.7188,4.1046,6.72,6.626,5.8944,5.2263,3.6851,5.3426,5.1662,4.2033,4.966,3.4753,4.9598,4.9782,10.0489,5.1368,4.9255,4.8464,4.41
TCGA-BRCA-160,BRCA,1,7.6795,9.5218,9.6503,10.1171,7.4765,9.9654,7.8689,5.3872,6.9708,4.8343,3.0569,5.0964,7.2012,5.5291,4.472,7.0934,4.7948,7.3103,4.2958,5.3046,4.7305,4.4697,4.606,4.7004,4.6638,5.6712,4.1759,5.6634,5.2895,3.7559,5.324,4.3045,4.0514,6.4261,5.9861,5.4929,3.9901,4.2106,6.128,4.9064,4.0176,4.7108,3.2137,6.5887,4.8117,8.8365,4.8113,4.7415,5.0443,4.1564
TCGA-BRCA-161,BRCA,1,8.6936,10.5579,8.4922,7.2627,9.0469,7.7261,8.358,5.7327,5.2934,5.3311,5.2782,6.2604,5.5639,3.6414,5.3869,6.4105,5.0414,10.2464,3.8777,4.9769,5.044,3.8117,5.225,4.7269,5.2626,5.9328,4.7582,4.353,5.0107,3.94,4.9209,4.5897,4.7366,6.7601,5.9548,5.9245,4.893,4.5255,5.0662,5.8786,4.7317,5.5657,4.6774,6.2676,4.0557,8.9974,3.8602,5.3517,5.1182,4.3864
TCGA-BRCA-162,BRCA,1,9.2365,8.9705,8.7349,8.318,7.5902,8.099,8.1077,5.9163,4.6747,6.0309,3.7881,5.9545,6.2305,5.0038,4.1671,6.9378,5.0103,9.4185,3.3049,4.8766,4.8891,3.5507,4.9202,4.4025,4.5412,6.0481,4.3656,5.2451,4.6617,3.6467,6.1519,4.0462,4.0415,6.2062,5.5894,6.4549,4.6739,4.0967,6.0394,5.4242,5.252,4.8709,5.1723,6.3236,5.4145,10.1677,4.3648,4.7273,4.3007,3.4014
TCGA-BRCA-163,BRCA,1,9.2034,10.5747,9.2541,8.7105,8.9253,9.3929,6.5304,6.0537,5.7144,5.4133,4.1084,5.8274,5.1426,3.692,3.6315,6.0545,3.4242,9.0499,2.9414,4.4996,4.4179,4.5088,4.0061,5.3722,4.6925,5.6796,4.4412,5.2534,5.3218,3.8886,5.5081,4.6082,3.7605,6.3007,6.7203,6.1314,5.1363,4.3008,5.0372,4.5635,4.4284,5.5608,5.4686,6.4914,3.9841,9.8457,5.825,5.037,5.2265,3.9265
TCGA-BRCA-164,BRCA,1,9.2084,9.1604,8.6166,8.3401,7.5392,7.7418,8.707,5.7727,5.9024,5.209,3.923,5.9558,6.6251,4.7997,3.9332,7.0071,4.1635,10.0018,4.7951,3.6625,4.842,4.3848,4.4447,4.913,4.9617,4.887,4.7503,4.4639,5.4061,3.8749,6.5371,4.3147,4.3186,6.3645,6.2932,5.7651,4.1749,4.159,4.5724,5.2121,5.7287,5.1777,4.2454,5.2246,4.1613,9.4194,3.9621,4.7802,5.4867,4.8112
TCGA-BRCA-165,BRCA,1,9.0809,9.4668,8.9735,9.6485,8.0546,7.9121,8.3571,5.5386,5.8211,5.4981,4.8328,5.6433,5.4564,4.0435,3.659,5.7137,4.7209,8.1798,1.8035,5.1778,4.504,4.6015,4.6583,5.8647,5.5018,5.4751,4.0883,5.8827,4.5654,4.1976,5.271,4.2035,4.3199,6.1823,6.3531,5.848,4.879,4.2616,5.1756,4.9703,3.9113,4.6992,3.9076,5.9408,4.5869,9.6027,4.4365,5.2426,5.2618,4.1024
TCGA-BRCA-166,BRCA,1,9.5766,9.2105,8.9487,10.1039,8.3245,7.4459,9.0217,5.6696,5.6279,6.7542,3.2067,5.6242,6.1134,5.5534,4.0444,7.4387,4.7353,6.9902,4.3146,4.4089,5.5703,3.4773,4.2661,4.0576,4.2019,5.7764,4.7227,4.8579,4.5847,3.4641,5.5224,4.4305,4.3372,6.8668,6.4121,5.983,5.8545,4.0775,6.6972,5.6803,4.1195,5.4918,3.9681,5.2823,4.5653,9.3549,4.8022,5.5444,5.0943,4.5222
TCGA-BRCA-167,BRCA,1,9.8083,9.12,7.9999,9.2073,8.9417,8.337,8.1521,5.9354,5.2409,5.9358,3.7793,5.9904,6.1665,4.4514,5.3544,6.2458,4.9837,9.7495,3.6113,4.4794,5.4873,3.8487,5.1624,4.9513,5.9946,6.9235,4.8209,5.1655,4.8303,4.5546,5.4417,4.6442,5.008,5.6753,5.6622,5.6603,5.0808,4.4923,5.0575,5.3466,3.6679,4.6705,4.0179,5.7238,5.0142,9.5434,5.5685,5.0206,5.1417,5.0119
TCGA-BRCA-168,BRCA,1,8.9978,8.8441,8.6845,9.6402,9.6181,7.516,8.2909,6.6261,6.5846,5.1224,4.1153,5.3798,5.8241,4.3221,5.0255,6.0605,4.0143,10.5708,3.1608,4.7394,5.4936,3.9132,4.2496,5.3695,5.3419,5.7195,4.3709,5.2896,5.4944,4.7328,5.3262,4.5966,4.5022,6.4554,6.8493,5.7722,4.3872,4.0359,5.8257,4.9143,5.4119,5.0957,3.5982,6.1619,5.3387,8.3658,4.2635,5.0507,4.8798,3.7316
TCGA-BRCA-169,BRCA,1,8.8374,8.9865,7.7381,8.7601,7.6155,7.3825,6.4503,6.0318,5.492,5.0624,3.7583,5.2156,6.52,3.8172,4.6711,6.321,5.3141,8.4382,3.707,3.7915,4.3768,4.6051,3.7502,4.6919,5.509,6.1007,4.107,4.3371,5.5581,4.7733,5.0055,3.9735,3.8807,6.3734,6.7386,5.1587,3.921,5.3849,5.4167,5.0948,3.9225,5.3344,4.5557,6.1504,5.4397,8.541,4.5543,5.2599,5.4352,4.5207
TCGA-BRCA-170,BRCA,1,8.3984,10.2255,9.1105,9.4667,8.4408,7.8979,7.5755,6.2648,6.0574,5.4171,4.432,6.902,5.7696,4.8127,4.1674,6.6975,4.4194,10.2301,4.2825,4.0512,5.0127,3.9533,5.1827,4.2183,5.1662,6.0906,4.524,5.7687,4.341,4.4061,5.2457,3.6226,3.6026,6.8701,6.4405,6.1794,5.1496,3.5365,5.6282,5.5175,4.0672,5.7706,3.7694,6.0629,4.7681,9.5085,4.5419,5.6502,5.4168,3.5873
TCGA-BRCA-171,BRCA,1,7.3342,10.928,11.0405,9.7919,7.5137,8.026,8.1757,6.5932,6.2592,5.1111,4.0039,5.9089,5.6213,5.0601,3.744,5.9528,5.0335,8.7336,3.7925,4.7145,5.9546,3.5458,4.4683,4.7701,3.6673,5.1844,4.0325,5.6054,4.9499,3.6932,5.7453,3.5662,3.1075,5.9068,5.4005,5.0736,4.9569,4.6529,5.8997,5.5227,4.8891,4.0251,4.3009,5.7357,4.1956,9.1748,3.8206,4.2686,5.5195,4.6506
TCGA-BRCA-172,BRCA,1,8.7924,10.6051,9.0791,8.7693,7.5786,8.0364,7.5975,5.1954,5.0912,6.4909,3.6682,6.0704,6.9067,4.6815,4.8298,5.4265,5.2588,9.7259,4.149,4.5977,5.6258,3.494,5.187,4.3814,4.8641,6.3862,4.9881,4.3208,4.8296,4.4222,4.4669,5.0848,4.2021,6.794,5.7519,5.4504,5.1872,4.0667,4.8849,5.2491,3.4723,5.8105,4.1678,5.5557,5.1419,10.3577,4.6876,6.2819,6.3289,4.5684
TCGA-BRCA-173,BRCA,1,8.6681,8.8155,8.0482,8.7748,7.7031,8.1145,7.2769,5.3259,5.3376,4.52,3.8228,5.2658,6.5159,4.0825,5.2264,6.7774,4.3462,9.086,3.5072,4.5884,5.5191,3.9186,5.0159,4.9387,4.8332,5.3714,4.3468,4.7229,5.3325,4.1449,5.4675,5.2583,4.0769,6.5898,6.2392,5.6594,4.6106,4.1855,5.6452,4.4887,3.5358,5.4165,4.5247,6.3733,4.6468,10.1031,5.0425,5.538,4.773,3.8582
TCGA-BRCA-174,BRCA,1,8.0134,10.5923,9.6053,8.4416,8.257,8.4446,7.5397,6.2128,3.8727,5.8247,4.6902,4.9805,5.6294,3.6441,4.4066,6.7816,4.784,9.3554,2.0122,4.0876,5.2796,4.3535,4.8143,5.19,4.5505,5.7474,4.1911,4.6621,4.8674,4.3726,4.0545,3.4476,5.7267,5.7553,6.8588,5.7461,4.3894,4.5435,5.5456,4.8788,4.2465,5.2864,3.7316,5.7596,4.0805,8.8618,5.6108,4.691,5.7021,4.2288
TCGA-BRCA-175,BRCA,1,7.879,11.4147,9.5824,7.667,7.0251,9.1071,6.4693,5.4568,4.9725,5.4297,3.9016,5.9892,6.244,4.3345,4.2077,6.0063,5.1815,9.3802,3.5719,4.7472,4.9626,4.0439,4.7719,4.6428,6.1592,5.69,4.7482,4.1605,4.873,3.5587,4.8594,4.5829,4.6609,6.2599,6.0111,5.463,5.227,5.2505,5.5728,5.438,4.4402,5.4671,3.4934,5.7564,4.7671,10.1371,4.2767,4.1275,4.9536,4.9117
TCGA-BRCA-176,BRCA,1,8.634,9.9129,10.0367,9.054,7.59,9.0254,8.5864,5.7088,5.5187,5.3999,2.8975,6.1146,5.2106,5.1029,5.0392,6.1819,4.1745,7.7976,3.9022,4.9089,7.0501,4.1525,4.6884,5.7719,5.1465,5.1833,4.6103,5.4837,5.1325,4.4998,5.6897,4.1459,4.919,5.6958,6.343,5.4774,3.8237,4.3941,6.47,4.9414,3.5218,5.2004,3.6663,6.5274,4.455,9.2585,4.94,5.2486,5.0528,3.8873
TCGA-BRCA-177,BRCA,1,9.4489,10.7068,9.5492,8.3656,9.9163,8.3609,7.1865,4.8718,4.1587,5.943,3.7358,5.9064,6.0755,4.2091,4.6733,6.4754,4.6273,7.6365,3.6429,4.942,5.0051,4.9096,5.8159,5.1342,5.7498,6.0878,4.1722,5.2314,6.31,3.8404,4.8169,3.8081,4.0343,5.5858,6.9614,5.8867,5.156,4.0655,4.9352,4.3136,3.8145,5.2632,4.3356,6.3021,3.825,10.0765,4.1727,5.3449,5.4423,3.8206
TCGA-BRCA-178,BRCA,1,9.4299,10.4218,10.5962,7.5976,7.1569,8.9594,7.8096,6.2595,4.5034,5.5,4.406,7.2473,5.6615,3.8749,4.5612,6.6634,4.901,9.0106,3.8914,4.9048,6.1639,4.1614,4.0305,4.963,4.3627,5.1666,4.0282,4.5059,5.8876,4.1266,5.69,4.6303,4.0381,6.5678,5.8831,5.6945,4.3162,4.915,5.4517,5.2673,3.9778,5.5129,4.4621,5.1878,4.5714,10.0031,4.5359,5.8365,4.5941,4.1825
TCGA-BRCA-179,BRCA,1,7.6395,9.2346,10.4129,8.9261,8.4676,8.8486,7.0737,5.8293,6.0145,5.3387,4.6149,5.9806,5.9188,3.8987,3.8504,7.2034,5.1102,9.6828,2.7426,4.6626,5.9747,5.1783,4.4844,3.9761,5.4235,5.5894,4.9108,5.2719,4.8616,4.1313,5.9908,4.3006,3.6257,5.2932,5.7383,5.5734,5.0801,3.6545,6.2822,4.2998,5.4342,5.9521,4.1462,5.1767,4.5416,9.9639,4.0486,5.2897,4.7909,4.0492
TCGA-BRCA-180,BRCA,1,8.6892,9.8548,8.9944,8.7884,8.3397,8.4109,8.8324,5.551,5.238,5.8706,4.2042,6.4138,6.0981,4.7296,4.2176,5.5649,4.7379,8.8236,3.7096,4.9404,5.4023,5.3237,4.5738,5.1074,4.6439,5.1672,4.4358,5.7219,5.6201,3.059,5.703,3.6095,4.5631,6.3598,6.0495,6.1421,4.5381,4.2896,4.7862,4.8402,4.7304,4.4238,4.485,4.9911,3.9745,9.5279,4.7626,4.8578,4.9028,4.9603
TCGA-BRCA-181,BRCA,1,9.7219,9.5667,8.6357,9.0063,8.4214,7.8984,8.4072,4.9218,5.2853,5.7327,3.76,5.8941,5.6062,4.2276,4.403,5.9026,3.6191,9.5017,3.183,5.6072,4.7503,3.8732,4.5413,5.0126,4.028,5.3128,4.7349,4.6573,5.9883,3.8752,4.8869,4.6803,4.9469,6.2957,6.7546,6.6168,4.2092,4.6841,4.7436,5.1808,4.2328,5.7109,4.6618,6.2854,4.7185,9.4168,4.7166,5.1136,5.9241,5.1881
TCGA-BRCA-182,BRCA,1,10.0288,10.7377,7.8127,9.7019,7.3547,7.4009,7.7628,4.8498,5.8224,5.9302,4.855,5.6005,5.3473,4.9932,4.9639,7.03,5.2464,9.8541,3.588,5.0082,5.1252,4.3595,4.4518,4.9393,5.6244,5.5527,4.1886,5.0782,4.7138,4.4343,5.3949,4.3575,4.3074,5.3506,6.8247,5.5186,4.4828,4.6474,5.8109,5.9678,3.7859,4.6206,3.4777,6.0673,4.434,8.471,4.6529,4.6281,5.9757,4.0571
TCGA-BRCA-183,BRCA,1,8.7706,9.8354,9.937,8.9531,7.965,7.7273,8.6748,6.539,4.9247,5.6286,3.8652,7.1483,6.3838,4.3727,4.839,5.9726,4.7945,8.3471,2.8027,5.033,5.8004,4.5355,4.5512,4.1728,4.4227,5.2427,4.3224,5.6694,5.8335,3.2779,4.99,4.0151,2.8773,6.3706,6.0013,5.7219,5.3431,4.259,5.2899,5.2544,4.7979,5.2376,4.4202,5.9277,4.5284,8.9893,4.3092,4.8601,5.8917,5.4107
TCGA-BRCA-184,BRCA,1,8.7656,8.612,9.5359,9.0763,6.9657,7.1407,6.6986,4.9409,5.0846,5.3252,4.8086,5.9085,5.9578,5.2663,3.8664,5.9692,4.3996,8.3329,3.2045,5.2224,5.7689,4.898,4.3258,4.2414,6.1314,5.8348,3.6331,6.4115,5.2583,2.6285,6.0639,3.22,4.2873,6.5088,6.4651,6.5565,5.1787,5.1432,5.4588,4.7615,4.0952,5.7762,3.756,6.4242,4.1394,9.5905,5.2779,5.3625,4.1229,3.9798
TCGA-BRCA-185,BRCA,1,9.2481,10.2937,10.6958,7.7885,7.6293,7.8314,6.9368,5.7604,5.708,6.2644,3.9182,5.8088,5.9916,3.9304,4.3134,5.968,4.6553,8.0532,3.1392,4.2772,4.9725,3.4968,4.8136,5.2533,5.4015,5.5961,4.0338,5.5035,5.6228,4.2109,6.2088,4.3619,4.0147,5.8876,5.344,6.1091,4.6174,4.4698,6.4263,4.773,3.0995,5.3299,4.1591,5.6343,4.7679,9.9395,4.2125,4.9935,5.9411,4.0459
TCGA-BRCA-186,BRCA,1,7.5001,9.6365,9.0137,10.5009,8.2844,9.3605,8.976,5.9894,5.0861,5.498,4.86,6.0349,5.8288,5.2053,4.2834,5.4625,5.2359,7.7533,3.4592,4.7551,5.5039,3.097,5.033,4.7762,5.3115,5.9778,4.5972,4.9327,5.1102,4.075,5.4223,4.1632,4.6146,5.9236,5.6345,6.0761,5.6107,3.6311,5.4427,5.5003,4.5534,5.4,4.0909,4.6715,4.6982,10.2471,5.2487,4.7687,6.0442,4.2515
TCGA-BRCA-187,BRCA,1,10.0504,9.663,8.2666,9.2953,7.869,8.4279,8.6762,6.2652,4.7831,5.6878,4.4954,5.3966,7.0882,5.0626,4.4007,5.1988,4.5818,8.9904,4.2423,5.391,5.108,4.5882,3.9965,4.5992,5.1917,6.073,4.0627,4.9109,6.0336,4.6831,5.4408,3.2568,5.3987,6.0776,5.9681,5.5173,4.8583,4.4082,5.9806,4.5053,4.1122,6.1047,4.188,5.9142,4.0985,9.8011,5.2013,5.5814,5.0734,4.5873
TCGA-BRCA-188,BRCA,1,7.6744,9.7678,9.4995,8.9983,7.8611,8.3054,9.5241,6.5408,4.9712,4.4104,4.2149,6.7932,5.0293,4.2803,4.5787,5.8872,3.8053,7.7669,3.4357,3.6976,5.8818,5.0838,4.6575,5.1707,4.2638,5.6566,4.1498,5.3371,3.9543,3.9502,5.6508,4.4943,4.5346,5.7884,4.7127,6.3279,5.0497,4.9993,5.5424,5.1765,5.4331,4.1639,4.298,6.6094,4.6756,8.8765,3.944,5.8778,5.7372,5.048
TCGA-BRCA-189,BRCA,1,8.1673,8.9371,9.467,8.9466,9.3845,7.4925,7.9225,6.5731,4.5284,6.6288,3.703,6.0028,5.6167,3.9306,5.3626,6.3625,5.2771,7.8451,3.5188,4.9012,5.4815,3.7267,5.1805,4.8668,4.5259,4.7998,4.7426,6.3565,4.7957,4.1874,5.8918,3.7403,3.9031,5.6575,6.6167,6.4412,4.7497,3.794,5.2839,4.6531,3.7798,5.0384,4.3631,6.2456,4.5652,8.4436,4.645,4.4955,5.2828,4.1149
TCGA-BRCA-190,BRCA,1,9.3141,8.9739,9.1954,8.5752,8.1415,7.6665,8.1232,5.7253,4.9758,5.919,3.9052,6.4142,5.8133,4.0688,4.0535,5.3208,4.1167,8.6086,4.5067,4.3355,4.6586,4.8758,5.2264,5.1675,4.2779,5.9849,4.7151,5.5816,5.3788,3.7271,5.1343,4.9637,4.3329,5.4335,6.9776,6.3562,5.5014,4.782,5.0411,5.1333,4.5702,4.4172,3.4895,6.3722,4.9807,10.9363,4.5556,4.3027,5.1272,4.8284
TCGA-BRCA-191,BRCA,1,8.3317,8.8238,8.5335,7.7339,9.1137,8.9981,8.2843,6.3625,6.0433,5.7021,3.5568,6.1979,6.1276,4.819,4.1638,6.6169,4.2028,8.9575,3.3839,4.653,4.7572,4.0945,5.0942,4.2914,4.7512,5.7632,4.5627,4.8817,5.6967,4.3974,5.9065,4.3344,3.8867,5.7462,6.2779,5.5899,4.3856,3.9907,5.1635,5.0678,3.5622,5.2409,4.4139,5.7101,5.5303,8.9707,3.9051,5.0035,5.2341,4.6312
TCGA-BRCA-192,BRCA,1,9.6374,9.6204,9.7167,10.183,8.9073,8.4859,6.9839,5.8828,4.9506,5.6986,4.2542,6.6265,6.0274,4.9077,4.0279,6.3978,4.5487,7.0785,3.207,4.929,5.3872,3.3359,4.7503,4.8694,4.5176,6.0096,4.3724,4.1558,5.6508,4.1896,6.0934,3.9427,4.0266,6.6205,5.6666,6.2938,5.1986,4.3718,5.4227,4.6447,3.9079,5.2448,2.6369,5.722,4.2218,8.5568,4.7786,4.4093,5.8042,4.8635
TCGA-BRCA-193,BRCA,1,9.1755,10.0755,9.0431,9.3092,8.8585,7.3062,7.9837,4.8434,4.8183,4.8805,3.9441,7.3448,6.0615,5.315,4.2728,7.0209,5.706,8.3656,3.4024,3.9818,5.1915,4.3478,5.6582,4.1585,5.0332,4.8202,4.2259,5.287,5.5596,4.3967,5.5353,4.6654,4.166,5.5636,5.1986,5.5051,4.6028,4.8418,5.455,4.8701,4.4612,4.9544,4.4809,6.9902,5.6647,9.8406,4.8542,5.9336,5.1278,4.7463
TCGA-BRCA-194,BRCA,1,9.7766,9.8711,10.7714,9.0334,8.5131,9.1835,6.913,5.5656,5.4284,5.7913,3.8532,7.1413,6.302,3.4252,4.3386,5.2567,5.6225,7.6218,3.5855,4.7024,5.753,4.4683,5.6774,5.265,4.0843,6.4295,4.5409,5.8343,5.1448,3.571,4.7109,4.9059,4.5417,5.7916,4.7893,6.3283,3.6514,5.3018,4.7826,4.9754,4.3835,5.2718,4.2378,6.0657,4.3523,9.3028,4.3599,5.2021,4.3258,4.5644
TCGA-BRCA-195,BRCA,1,9.1483,9.422,9.9384,8.2121,8.7122,8.878,9.3332,6.216,6.0472,5.4687,4.1949,5.983,5.1862,5.0691,4.6659,5.7201,4.6681,7.2799,2.7153,4.8088,5.0815,4.198,4.5904,4.4648,4.5194,4.9212,4.366,5.4406,4.4815,4.0902,5.4772,3.8804,4.8542,5.8947,6.0738,5.6978,3.7848,4.7193,5.0276,4.8501,4.5673,5.8198,3.5357,5.7773,5.2605,9.5162,5.0214,4.6186,5.0132,4.3228
TCGA-BRCA-196,BRCA,1,8.1303,9.1341,9.7547,8.4808,6.9583,7.7149,7.782,6.4249,5.718,5.781,4.2609,6.2006,6.1124,4.4463,4.6797,7.2863,4.0405,9.9578,3.5937,5.3698,5.9813,3.7915,4.643,3.8731,4.8103,5.9053,4.8628,5.1659,5.5247,3.751,5.3271,4.0801,4.2844,6.7824,6.0959,5.0929,4.7683,4.5676,5.0463,5.5893,3.9703,4.7093,3.1853,6.1349,5.4773,10.356,4.3187,5.4008,5.6029,4.987
TCGA-BRCA-197,BRCA,1,9.8883,9.4558,9.3342,8.6128,7.2741,7.9662,6.9543,5.5589,5.1337,6.0883,4.2829,6.6374,5.031,4.4961,4.8834,7.1948,3.8953,9.4721,3.8931,4.5446,4.8909,3.5319,4.1684,3.9615,5.0326,6.1755,3.8088,5.2602,5.7259,4.1008,4.5313,4.5683,4.1158,6.0093,5.851,5.8219,4.9251,5.4102,5.5615,5.7239,4.4474,5.0396,4.1499,5.3896,4.7222,7.9314,4.2544,5.1991,5.7998,5.122
TCGA-BRCA-198,BRCA,1,9.4605,10.0649,9.3075,10.0879,9.4154,9.8918,7.6399,5.8088,5.2387,5.4927,4.519,5.8707,5.3192,4.7016,4.4108,6.8528,3.541,8.7159,3.9358,5.0458,5.2061,4.0189,5.1107,5.4455,4.9545,5.6881,5.0746,5.7107,5.819,3.9008,5.0074,5.1935,4.448,5.7168,6.0712,5.821,4.6173,4.0687,6.1206,5.2325,5.3951,5.7321,4.1438,6.7091,4.7457,11.2492,4.5283,5.3707,4.9024,4.2161
TCGA-BRCA-199,BRCA,1,8.168,10.1478,9.9101,9.9483,7.4365,6.5891,7.6683,5.7934,5.2852,5.2514,4.297,5.9833,5.7381,4.0415,4.8609,6.7621,4.9733,8.7531,4.7975,5.2794,4.3912,3.9059,4.8815,4.1461,4.9376,5.9407,4.3469,5.4007,4.9566,2.9801,5.8277,4.8631,5.3949,4.984,6.4998,4.7941,5.5484,4.4588,5.0293,5.3584,3.992,5.2396,4.1786,6.8726,5.4768,8.8602,5.2148,5.3216,4.4964,4.0586
TCGA-BRCA-200,BRCA,1,8.5497,9.422,8.697,8.6391,7.5623,8.1438,7.4971,6.1857,5.4879,5.6532,3.7612,5.672,6.5092,4.8634,4.0054,5.729,3.9734,9.1955,3.9044,4.7708,5.404,3.8651,4.0995,5.281,5.8502,6.0024,4.3531,5.7438,4.8822,4.6287,5.0383,4.1014,3.9767,6.037,6.5819,5.1263,4.3679,4.3197,5.7842,4.1159,3.8733,4.215,3.7259,5.7818,4.8207,8.0694,5.0124,4.8895,5.0323,4.8923
TCGA-LUAD-001,LUAD,2,5.7015,5.8402,5.0199,5.0666,4.4076,4.6873,4.6312,9.6052,9.044,8.5131,7.9553,9.5928,8.633,8.8468,7.7314,4.6676,5.1212,5.8238,4.7975,5.1863,6.2365,3.3878,4.4133,4.6139,5.3971,5.7358,4.1941,5.0733,4.7838,2.9948,4.9436,3.8052,4.5521,6.3746,5.2625,6.206,4.2994,4.0278,5.5988,5.2616,4.4912,5.0645,3.8633,6.2066,4.5101,6.3602,4.979,4.6824,7.9902,4.4308
TCGA-LUAD-002,LUAD,2,4.027,5.7286,5.2984,4.906,4.1493,4.5279,4.4688,10.5573,10.3622,7.8165,6.5328,10.3742,10.5153,9.5689,8.6332,4.4288,4.7882,5.027,4.9937,7.0444,6.3002,4.2918,4.6259,5.4549,4.4493,6.6153,3.8511,4.8042,5.6757,2.8553,4.6348,3.8288,4.282,7.2598,6.7475,5.6544,3.4606,4.2557,5.6865,4.777,3.8431,5.169,3.6045,6.9367,5.3277,5.7865,4.7306,4.8141,9.8254,5.2263
TCGA-LUAD-003,LUAD,2,4.5499,5.7579,4.8078,4.8611,3.8728,4.0895,4.9089,9.5923,8.3006,9.2142,8.5645,9.7148,10.5646,7.4532,8.9098,5.0755,4.9066,5.7709,5.0391,6.7425,7.7835,4.5507,4.275,5.3047,4.8991,5.562,4.8858,5.0869,5.4978,2.9944,4.9451,4.5676,4.8179,5.6093,6.3493,5.3637,5.1808,4.7208,5.3282,6.0731,4.8218,5.4429,4.401,6.4925,4.0715,5.5549,4.8774,4.9441,9.0446,5.0225
TCGA-LUAD-004,LUAD,2,4.8244,6.1062,5.7142,4.6989,4.6557,3.7156,3.658,9.3278,9.9211,8.8504,8.6284,10.4861,9.2946,9.3483,7.6749,4.1643,4.3797,4.9994,4.2502,5.8822,7.4523,4.4578,5.4599,4.6564,4.8226,5.5234,4.2797,4.8013,5.4388,2.722,5.0816,5.0007,5.0914,6.6708,6.4035,6.1594,5.5984,4.595,5.2127,5.1645,4.5816,4.592,3.9332,6.5507,3.6576,4.8323,4.5976,5.321,7.7097,4.3433
TCGA-LUAD-005,LUAD,2,4.3617,6.5587,5.3713,5.3155,4.4905,3.2927,3.3964,8.8246,8.0022,10.497,6.6188,10.6555,9.4815,7.8504,7.7126,5.3547,3.9996,5.0934,4.0869,7.5773,6.7987,4.3754,5.3799,4.8797,5.1131,5.7932,4.7211,4.8851,5.1962,3.324,5.4753,4.318,3.4429,6.8366,5.7937,6.2721,4.758,3.5682,6.1315,5.0956,4.9362,4.9982,4.4277,5.1192,4.3192,4.8211,4.4984,5.3801,8.5888,4.8386
TCGA-LUAD-006,LUAD,2,5.5412,5.5229,5.8445,5.426,4.1645,4.6655,4.9439,9.128,9.8527,10.7657,8.4023,10.5431,9.6334,6.3112,7.5285,3.8338,5.0116,5.0325,4.8088,6.8228,6.0629,5.0835,5.2918,5.615,5.3451,5.7126,5.2466,4.7908,4.8677,2.1655,5.598,3.9941,4.0654,5.2866,6.3649,5.0199,4.2041,4.8235,6.0955,5.1555,4.4063,4.8239,3.6892,5.8194,3.8125,5.5838,4.7102,4.6774,8.9796,4.7101
TCGA-LUAD-007,LUAD,2,5.2861,5.4412,5.9297,4.9929,4.5815,4.7969,4.2045,9.8306,7.9585,10.0071,7.1904,9.5583,10.805,7.3769,8.9178,4.0528,4.7946,4.7418,3.9411,5.8326,6.5561,4.756,4.816,4.8761,3.9983,6.3624,4.5511,5.0716,5.8695,3.5936,5.9139,4.2516,3.6414,6.582,5.4419,6.7521,4.6842,3.6844,4.8894,4.3295,4.3387,5.0862,3.4577,5.8223,3.8853,5.7522,4.6585,4.9549,7.9841,4.2566
TCGA-LUAD-008,LUAD,2,4.9751,5.8262,5.341,5.1215,5.0515,4.3418,3.6438,9.1039,8.6626,9.0055,8.4173,10.2907,9.598,7.4047,8.1955,3.8304,4.4365,5.4532,5.3879,6.1929,6.5476,3.6458,4.9055,5.4654,6.2859,5.9206,4.4138,4.6714,4.3639,2.8604,6.5118,5.0106,4.7014,6.2103,6.3042,4.5666,5.0514,3.9252,5.1544,4.8067,4.09,4.7306,4.0826,5.7214,4.6195,4.714,4.5787,4.596,8.1433,4.4784
TCGA-LUAD-009,LUAD,2,4.757,6.1388,5.303,5.954,3.5957,3.7741,4.3711,9.3393,8.0523,8.9776,7.1608,9.1863,9.0243,8.3419,7.9767,4.4733,4.0457,5.0703,4.6942,5.8178,7.0871,4.4037,4.2788,5.4273,4.0797,5.6141,4.8574,5.3697,4.8159,1.8074,4.8332,4.6748,3.7732,6.2151,6.2565,6.9627,4.8268,3.8093,4.7752,4.8304,4.2089,3.984,3.7187,6.1492,4.3031,5.9419,3.9066,5.4826,9.1914,4.8849
TCGA-LUAD-010,LUAD,2,4.6336,6.0554,6.1136,5.6624,4.3689,4.2129,3.2411,9.8408,8.6305,9.9121,7.6226,12.0997,10.9865,7.8151,9.0511,4.3189,4.2324,4.9659,4.2668,6.0707,6.8545,3.8048,5.6128,4.8378,4.595,4.9126,4.4693,5.0011,5.6948,2.0714,4.7397,5.2105,4.3609,5.9605,6.2067,6.0155,3.9557,4.2937,5.2803,5.222,3.8984,4.787,4.9071,6.616,2.9215,6.0359,4.6489,4.7901,9.6798,3.9321
TCGA-LUAD-011,LUAD,2,4.1706,6.3388,5.108,5.6404,3.7603,3.9994,3.9471,10.8749,10.2378,9.4491,9.3921,8.8448,8.4617,8.0169,6.7469,4.0437,5.0132,4.8586,4.7838,5.8269,5.9424,4.076,4.9639,3.9685,4.7758,6.2708,4.2167,4.0735,5.9429,3.4392,5.7713,3.5033,4.8993,5.7009,5.8697,5.4271,5.1436,4.125,5.7462,5.0063,4.221,4.616,4.9817,5.2688,4.7754,5.6459,5.2629,5.8382,8.9408,4.6719
TCGA-LUAD-012,LUAD,2,4.0135,6.6024,4.7222,4.5441,4.2541,4.4691,4.3389,10.145,10.7125,9.9527,7.8149,9.5823,9.1783,7.6199,8.4485,4.1513,4.332,5.2398,4.716,5.636,6.8362,5.0229,4.5744,4.142,4.2475,6.8308,4.3276,5.3486,4.9176,2.9485,6.0663,4.049,4.3724,5.3847,7.1358,5.9127,4.4638,4.0659,5.2503,4.7389,3.0447,5.0404,4.0057,6.2448,4.3077,5.072,4.6819,4.338,9.2341,3.4758
TCGA-LUAD-013,LUAD,2,4.831,5.7418,6.5093,5.6053,2.5157,4.1,3.4357,9.0316,9.8776,9.6069,7.3602,9.6437,10.4888,9.4578,9.0771,5.0469,4.5112,5.0093,3.9975,6.3384,6.3111,5.7737,4.44,4.8503,5.2766,5.1764,4.6186,5.1486,5.1515,3.3435,4.8847,4.5126,4.8704,5.7342,5.9759,6.9511,4.9073,3.9618,5.9066,4.6843,3.486,5.7756,3.5241,7.2264,4.3246,6.5242,4.0014,5.6569,9.6951,4.8256
TCGA-LUAD-014,LUAD,2,5.2177,5.7031,5.3821,5.3531,5.0304,4.4396,4.3919,9.6651,8.7628,9.2253,9.123,9.2296,10.5765,7.2637,6.8258,5.7749,4.5056,5.811,5.6527,6.4764,7.2314,4.4502,4.0055,5.8011,4.5775,5.6004,4.4888,5.0776,4.9749,3.2985,5.8117,4.5362,3.9433,6.6197,5.8922,6.5637,4.7258,4.8298,5.4484,5.0041,4.8812,6.1864,4.8558,6.4391,4.864,5.2041,4.8334,4.6876,9.8699,4.6267
TCGA-LUAD-015,LUAD,2,4.5507,6.1013,4.4594,5.7401,5.2472,3.8107,3.6576,10.2917,10.8253,8.7798,6.422,10.2094,8.9835,7.2911,7.3056,3.9388,4.2804,5.1917,5.0578,5.2893,7.5414,4.1159,5.0028,5.1962,4.7311,6.0345,4.0208,5.7932,4.9037,2.8727,5.2428,3.8667,4.5936,5.7805,5.2744,4.3375,4.2326,4.9028,6.1342,4.609,4.0813,4.8569,3.4089,5.5261,5.0599,5.7095,4.8223,4.4766,9.2827,3.2548
TCGA-LUAD-016,LUAD,2,5.1016,5.4717,5.5915,4.4986,2.9201,3.8092,3.8195,11.2142,10.2886,9.9838,6.6532,8.7198,9.9819,8.5047,8.5452,4.4407,4.383,4.9927,5.2977,6.1581,5.927,4.5886,4.7756,4.9703,5.3163,5.9557,4.4536,6.327,4.6608,2.3583,5.8203,4.4464,4.5221,6.1724,6.8114,5.2747,5.3414,4.8004,4.9002,5.2837,4.247,4.7861,3.1313,5.4951,4.9234,5.8645,4.5804,5.5526,9.0912,4.484
TCGA-LUAD-017,LUAD,2,5.1975,5.9854,5.8258,4.5792,5.0437,3.746,4.5151,10.0812,8.3127,9.812,7.8467,10.6967,10.1629,7.6094,8.1605,4.4677,5.1182,4.8522,4.6814,6.5133,7.6471,3.6225,4.8954,4.574,4.8411,6.7282,4.341,5.5087,5.6628,1.6713,4.4139,4.7856,3.6013,5.2555,6.6375,5.2688,4.2839,5.2021,4.6754,4.3402,4.0386,4.9693,3.6288,5.4212,5.3243,5.589,4.9783,5.0755,9.0239,4.8731
TCGA-LUAD-018,LUAD,2,4.7034,6.3121,5.5337,5.4153,5.1371,4.1511,3.5843,11.1732,9.6801,10.3751,8.5344,9.5024,9.6296,6.9896,9.1767,4.3656,3.8605,4.7481,6.0529,6.5972,6.6687,5.2133,4.4446,4.7603,5.4988,5.527,4.066,4.0044,4.8351,1.8727,5.4159,4.0699,5.2221,5.5587,6.8247,5.8884,5.0735,4.5879,4.3962,4.9626,4.1374,4.5229,4.3055,6.8588,3.2328,5.1903,4.0629,5.18,9.1598,4.1038
TCGA-LUAD-019,LUAD,2,4.5192,6.1493,5.4451,5.6486,4.8281,4.8672,4.3831,9.3654,10.143,8.9956,7.5587,10.8797,10.2521,7.984,8.3564,4.1162,5.2341,5.3913,5.0256,5.5458,7.1694,4.4102,4.265,4.7777,5.3179,6.0032,4.6828,5.1776,5.8162,3.0675,5.7053,4.0814,3.6141,5.8156,7.1012,5.9193,5.7334,4.1548,5.3759,4.9313,4.2224,4.7026,3.5012,6.2512,5.0968,6.68,4.4689,4.9678,9.2159,4.9695
TCGA-LUAD-020,LUAD,2,5.9619,6.5065,4.9139,5.4241,4.7752,3.1304,4.45,11.27,8.6726,9.0512,7.781,10.6818,10.1064,7.8602,9.042,4.4602,4.3909,4.7199,5.3302,6.0142,7.0206,4.56,4.4161,4.8375,5.4909,5.4255,3.8531,5.0587,4.6216,2.4538,5.1963,3.1433,4.4084,5.9962,6.7153,5.8862,5.038,4.8099,5.4395,4.9679,3.4817,5.7092,4.0028,5.4976,4.9392,4.3677,4.4711,5.5983,8.1391,4.0477
TCGA-LUAD-021,LUAD,2,4.798,5.4108,5.8981,5.5663,4.446,4.8808,4.143,9.4596,10.5555,9.3614,7.9404,9.6551,10.2723,7.7393,8.7681,4.232,4.2367,5.5909,5.1387,5.7637,6.6919,4.2277,4.1976,4.4495,5.2214,6.1969,4.1959,5.4035,6.0942,2.397,5.5144,4.7905,4.0955,6.7067,7.2238,5.9502,4.5534,4.7034,5.9263,3.7089,4.2671,4.8921,4.274,5.9037,4.5267,5.0259,5.053,5.9717,8.0435,3.7082
TCGA-LUAD-022,LUAD,2,4.2088,6.2987,5.0567,5.3691,5.3647,4.1694,3.6471,9.9512,7.9432,10.3196,7.8772,10.4886,9.4893,7.227,9.0093,4.5953,5.1891,4.6362,5.4557,6.3289,6.0424,3.7635,4.7008,4.2762,5.5152,5.1654,4.7131,5.091,5.023,2.4185,5.8766,3.779,3.937,5.7117,6.1051,5.4361,3.7861,3.6873,6.3242,5.0917,4.3747,4.9481,4.0498,5.7856,4.8328,5.508,4.1001,5.271,8.1294,4.6136
TCGA-LUAD-023,LUAD,2,5.2039,5.9736,5.9692,4.8209,4.0267,4.815,4.8705,9.5019,7.9006,8.3036,7.9783,10.2568,10.4698,7.2781,9.7987,3.8201,5.2878,5.9295,4.4937,5.6197,6.7254,3.7133,4.3964,5.3573,5.3722,6.7175,4.5247,4.8259,5.3289,2.454,5.2683,4.3633,3.6772,6.2287,5.4201,5.4201,4.6107,3.0851,5.8898,3.9418,4.6033,4.443,3.8732,6.2601,5.6684,5.5158,3.6945,5.621,9.2204,4.4416
TCGA-LUAD-024,LUAD,2,4.8519,6.609,5.0034,6.0058,3.5869,3.9476,3.6563,10.0895,9.6501,7.9942,8.0703,10.2051,9.126,8.0352,8.4567,4.0784,5.5067,5.7266,5.4918,6.6496,7.5611,3.6847,4.9594,4.8631,5.635,6.1311,4.7145,4.2892,5.2588,1.8443,5.4628,4.1674,4.0051,6.3171,5.9083,5.8393,3.9104,3.7987,5.8333,4.3532,4.8913,5.5766,3.9415,7.4999,5.1909,4.9829,5.0589,5.1771,7.7576,3.8717
TCGA-LUAD-025,LUAD,2,5.5252,7.5629,5.4307,4.4559,4.4017,4.2405,5.1135,10.0827,10.1396,8.6068,7.6563,10.27,10.2455,6.6047,7.863,4.4574,4.6189,4.8544,4.5535,6.8307,6.0364,4.7016,4.1157,3.7767,5.9143,5.2983,4.0782,5.6986,6.2305,1.9069,4.8585,3.9338,4.6105,6.9071,5.5843,6.4858,4.3156,4.3829,4.8696,4.9074,4.2129,4.9318,4.2681,5.497,4.1275,5.6765,5.3568,5.1327,9.9798,4.7857
TCGA-LUAD-026,LUAD,2,5.0636,6.4532,4.7276,5.7069,4.1651,3.6818,3.6509,8.3975,9.2799,8.8843,7.9676,9.3759,11.622,8.2025,7.8863,4.2825,5.266,5.1115,5.7149,6.7236,6.237,4.3617,4.7912,5.3462,5.9132,6.1812,4.6595,5.4694,5.2193,2.2703,5.3573,4.5578,3.5413,6.7509,6.6271,5.0926,5.3531,4.0607,5.1161,5.508,4.243,6.039,3.6492,5.1347,4.4291,5.8522,4.2222,4.4791,9.8083,3.6748
TCGA-LUAD-027,LUAD,2,4.2453,6.5327,4.8979,4.632,5.3252,4.8991,5.1646,10.4924,9.605,10.3217,8.1877,9.7163,10.31,7.9959,7.0057,3.8561,4.8661,5.1069,5.4189,6.1658,6.1592,4.5187,4.2367,4.4769,4.6941,5.6225,5.3255,4.4429,5.9511,2.5623,6.1201,5.9435,4.8588,6.5504,5.4681,5.1854,4.8502,3.3658,5.813,3.9009,4.8446,4.9285,4.139,5.6263,3.6201,6.0749,5.3536,4.9684,8.9662,4.2112
TCGA-LUAD-028,LUAD,2,5.3769,5.951,5.2011,4.7677,4.6804,4.3359,4.9222,9.9268,8.4849,10.2854,7.8342,9.8678,10.1621,8.3935,9.7968,3.7518,4.8382,4.831,5.1653,6.9378,6.3134,3.8563,4.8985,4.8177,4.8935,6.0564,4.8051,4.8665,4.8773,1.8109,5.3533,3.6636,4.1928,6.696,5.9477,5.5104,5.6691,4.9697,5.123,5.0378,4.4328,5.1912,4.983,6.0441,4.6879,5.8019,5.2807,5.6126,9.3329,3.6273
TCGA-LUAD-029,LUAD,2,4.5037,6.3015,5.7724,5.8861,4.5673,5.5807,4.0721,9.8248,8.3047,9.7543,9.0886,9.3479,9.781,7.0758,7.4659,4.2159,5.2401,5.8329,4.9118,6.1792,7.0089,5.3527,5.1422,5.0814,5.4847,6.4977,3.8628,4.9353,5.039,2.9329,5.4167,4.7533,3.8897,6.7735,6.0897,6.1257,5.2679,4.7724,5.6857,5.378,5.1393,5.3462,3.7108,6.292,4.5507,4.2835,4.9168,5.2025,9.9463,4.0316
TCGA-LUAD-030,LUAD,2,4.6895,6.3705,5.5269,6.1326,4.3867,4.4014,4.0578,8.998,9.3009,9.5883,7.7246,10.0438,9.5647,7.6237,6.6586,4.196,4.876,5.4531,5.6298,5.1801,6.8003,3.7181,3.9733,4.4921,5.1867,6.1131,3.9651,4.7267,4.4134,2.8233,4.9705,5.2067,4.348,6.0018,5.8038,5.0311,3.9862,3.9038,5.1559,4.4687,4.457,5.3465,3.8463,6.9681,3.696,5.4866,4.5765,4.8688,8.3714,4.4032
TCGA-LUAD-031,LUAD,2,4.4241,5.9061,5.2485,4.9468,4.3556,4.2921,3.8981,10.2573,8.0477,9.8151,8.4789,9.6571,9.5404,9.0287,9.4951,4.7519,4.772,5.1346,4.7331,5.4689,6.5,3.6646,4.3458,5.3594,5.0526,6.1737,5.1741,5.0428,5.407,2.0319,4.9303,3.8987,4.5647,6.1919,7.0477,6.2645,4.3045,4.635,5.3528,5.5768,4.0253,4.5632,3.6778,5.6282,4.1492,5.1712,5.1141,6.0422,8.9713,5.0384
TCGA-LUAD-032,LUAD,2,5.1599,6.0438,5.8748,5.2541,4.4516,4.6305,3.9288,8.4368,8.5318,9.545,9.0899,10.7381,8.6531,8.5189,7.6733,4.1765,5.222,4.8892,5.395,6.7448,7.5904,3.6823,4.6563,4.705,4.7554,5.7988,4.8239,4.902,5.2176,2.7627,5.9185,4.2466,3.5259,5.3008,6.3058,5.3981,5.0045,3.5493,5.2359,4.3031,4.4858,5.4138,4.245,5.4575,4.1964,5.5747,3.8419,5.0236,10.1651,4.3167
TCGA-LUAD-033,LUAD,2,5.6568,6.457,5.4388,5.9174,3.7765,4.8815,4.5918,9.6578,9.3996,9.3688,6.7859,10.3053,9.3205,9.3371,10.1438,4.0424,4.5976,5.9393,5.2846,5.8177,6.3233,4.0428,4.2735,4.9247,5.0426,5.867,4.0189,5.0959,4.2755,3.0496,5.9243,3.6628,4.3848,5.782,6.5256,5.8578,4.8725,4.2473,6.1695,5.142,3.9158,5.1387,3.8912,6.0817,4.3594,5.1191,4.7854,5.172,10.2058,4.1992
TCGA-LUAD-034,LUAD,2,5.114,6.8336,5.9993,5.864,4.7754,3.7386,4.3076,10.9085,9.3909,9.1654,6.9581,9.8193,9.6196,7.1261,7.7282,4.3698,4.3855,5.2761,4.3788,5.9153,6.6573,3.6822,3.9791,4.2175,4.9002,5.7879,4.5742,5.2851,4.9241,2.6696,5.1155,4.6002,4.061,6.2754,6.0172,5.9753,4.6665,4.6218,5.096,4.0834,3.7818,5.6238,3.9984,6.0465,4.0425,5.4903,4.1744,4.7063,9.8976,4.6292
TCGA-LUAD-035,LUAD,2,4.5493,6.5545,4.4998,5.2849,3.4616,3.8871,4.3902,9.8835,8.5263,10.7372,6.2795,11.2298,9.1462,7.0481,7.6296,5.0718,4.0963,4.8993,5.3737,6.2,7.7519,4.5644,5.5468,4.8953,5.1143,5.8882,4.368,5.5554,5.4218,2.5366,5.8088,4.5894,4.394,5.5824,5.8492,6.2002,5.382,3.2447,5.2214,4.9801,3.8288,4.6781,4.3131,6.7912,3.5534,5.3723,4.9174,5.5343,10.2684,5.2874
TCGA-LUAD-036,LUAD,2,4.6673,6.3848,5.8091,4.8197,3.8749,4.3293,4.4576,10.1217,8.9664,10.5955,6.8587,10.7282,11.1316,8.0867,7.6628,3.8499,4.2587,6.1097,4.4558,6.0988,5.9715,3.7078,4.6504,5.3505,4.6981,5.0407,4.5852,5.1034,5.8047,2.256,5.2065,4.3004,4.1876,5.8913,5.8471,4.8533,4.3875,4.5725,5.9304,4.7328,4.9182,5.075,3.4067,5.1743,5.1784,5.271,4.0787,4.0145,9.176,4.6091
TCGA-LUAD-037,LUAD,2,4.8392,5.8227,5.1807,4.777,4.7353,4.313,4.285,10.632,9.2679,10.139,7.7615,9.5615,9.5052,7.1765,8.7542,3.602,3.9782,5.6755,5.0624,5.5675,7.5131,3.4828,5.1305,4.7503,5.3959,5.7819,3.5032,5.179,5.4711,1.8413,6.3086,4.5308,4.4791,5.5048,6.4697,6.3232,4.7969,4.2102,5.0585,4.8602,4.0125,5.3754,3.6507,6.2828,4.1498,5.3264,4.9938,4.7923,9.2729,4.6832
TCGA-LUAD-038,LUAD,2,4.1427,5.6228,5.9061,5.0602,4.6985,4.4929,5.0534,11.0285,10.2969,9.8283,7.3592,9.8447,10.0706,8.9753,8.9551,4.6726,4.3336,4.7976,5.663,6.693,6.2045,3.9724,5.214,5.0728,5.3416,6.1757,4.3189,5.2963,5.4294,1.7548,5.4941,4.994,3.976,6.1638,6.2277,5.6361,5.0086,3.8748,6.1716,5.2814,3.8001,5.9384,4.1597,5.639,5.1216,5.7049,3.7998,4.8813,8.6393,3.3269
TCGA-LUAD-039,LUAD,2,3.8585,6.335,5.2038,5.1221,5.0722,4.2762,4.1287,10.6574,9.6407,8.4903,7.9177,11.07,8.8125,7.8507,9.4802,3.8156,5.1594,5.7462,5.1967,5.5702,8.103,3.2109,4.3011,5.3918,4.8183,6.5256,3.6834,4.5753,5.0375,2.6683,5.2256,4.13,4.8533,6.8443,5.9172,4.9236,3.5914,4.3345,5.8333,4.9998,4.233,4.6871,4.4031,6.8396,3.4609,5.4188,4.2006,4.3989,8.8423,4.5965
TCGA-LUAD-040,LUAD,2,4.6452,6.4868,5.4037,5.8754,4.5156,4.2397,4.2338,9.7584,10.9307,10.2195,7.651,8.9571,10.4542,9.457,8.526,3.8257,4.2183,5.0624,5.6247,5.6636,6.9509,3.4265,5.3995,5.0905,5.4014,6.2082,4.3569,5.1736,6.0476,2.916,5.6304,4.8104,4.4646,6.0235,6.1074,6.1673,5.0582,4.799,5.7809,5.2666,4.0454,4.7988,4.466,5.7134,4.559,6.1471,5.296,5.295,8.7899,4.345
TCGA-LUAD-041,LUAD,2,5.14,5.8158,4.864,5.8329,3.7833,4.4788,4.0618,10.9542,10.0869,10.8134,6.8387,11.1526,8.7116,9.9026,8.5981,5.1084,4.8118,4.7097,5.4141,6.8686,7.1586,4.0688,5.1459,5.6077,4.4057,6.0384,4.2531,4.3977,5.3772,2.0437,4.5477,3.9843,3.6292,5.7642,5.4614,5.5809,4.3135,4.4027,5.8021,5.0984,4.1508,4.9582,3.6571,5.594,4.9211,4.5777,4.6454,4.9824,8.9925,3.6942
TCGA-LUAD-042,LUAD,2,4.2843,5.2972,5.6526,4.7024,3.9106,4.8093,4.2223,10.1126,9.9378,9.7164,7.1368,10.4287,7.6665,9.9155,6.6576,4.6673,5.4247,5.2283,4.6501,6.0532,5.9543,4.4952,5.3682,4.6083,4.7255,6.0761,4.0963,5.2686,5.3242,2.6565,5.3288,5.2567,4.4454,6.6338,5.665,6.3264,4.9897,3.4651,5.7752,4.7117,3.4956,5.1543,4.3452,6.0763,4.5147,5.2923,5.9191,4.5529,10.1139,4.4144
TCGA-LUAD-043,LUAD,2,4.8005,5.316,5.8636,4.8352,3.6174,3.803,5.2158,8.8344,9.5753,10.0703,8.1088,11.343,9.1428,8.7894,7.259,4.7146,4.9455,5.012,5.1713,6.4446,6.1312,4.3089,4.9022,4.9606,5.2579,5.3471,5.2302,4.9601,5.2439,2.034,5.2397,4.6413,4.5244,6.8685,6.3845,5.9169,4.447,3.884,5.9904,5.4439,3.73,5.4509,4.4008,5.4436,4.8395,4.9328,3.4711,5.0641,9.9147,4.3491
TCGA-LUAD-044,LUAD,2,4.5733,6.2329,5.388,5.4629,4.2271,4.5585,3.6394,10.8075,9.5248,8.0497,8.3693,9.9244,9.8688,7.655,9.056,5.5535,4.4229,4.8385,4.3669,7.1432,6.4191,4.1216,3.7182,5.248,5.5825,6.1503,3.6366,5.4349,4.467,3.0716,5.4391,4.5302,4.4104,6.0835,5.1432,6.046,4.719,3.7636,4.7206,5.7383,4.8841,5.4424,3.7375,4.742,4.9517,5.6409,4.4984,5.7066,9.7693,4.4947
TCGA-LUAD-045,LUAD,2,4.3971,6.8436,6.4218,5.6652,5.1216,4.4191,4.5095,10.1137,9.846,8.9211,8.8343,10.863,10.3847,6.6848,7.3184,3.355,4.1738,4.7173,4.666,6.1984,6.9516,4.5613,4.959,5.1341,3.7549,5.7325,3.5411,5.3859,4.2568,2.6779,5.6105,3.8163,4.624,6.3409,6.3148,6.1275,4.4906,4.2908,5.5103,4.9621,3.9325,4.4681,3.9072,5.8045,4.201,5.8836,4.0997,5.0584,9.1646,4.8612
TCGA-LUAD-046,LUAD,2,5.2522,6.0003,5.7111,5.3989,4.3706,4.3896,3.9751,9.757,10.6865,9.032,8.1183,9.3838,10.0505,8.8669,8.629,4.7334,5.2327,4.4111,4.8597,5.8095,7.5006,4.1277,4.5776,4.6005,5.3634,5.8419,4.5547,5.2116,5.5896,1.982,6.187,3.7578,3.2802,5.1832,5.0846,6.1151,4.9458,4.8188,4.977,5.3411,4.2969,5.1727,4.3885,5.6224,5.8629,6.1235,4.4199,4.5988,8.911,4.4978
TCGA-LUAD-047,LUAD,2,5.5093,5.2397,4.9468,4.4785,4.4684,3.7563,3.4536,9.9271,8.9525,10.4738,8.4473,12.0168,9.5061,9.0983,8.617,3.8546,4.9443,4.8266,4.9048,5.8394,5.5963,3.5021,5.0974,4.4741,4.6952,5.8106,4.2464,5.3401,5.2778,2.2922,4.9857,4.472,4.6957,5.8037,6.582,5.7527,5.0374,4.2793,5.4886,5.1432,4.8753,5.2074,4.3149,5.8163,5.3548,5.7777,4.7246,5.0828,10.0043,4.1036
TCGA-LUAD-048,LUAD,2,5.0822,6.0489,6.1161,5.6785,4.7484,4.2405,5.0907,10.7073,10.1183,8.5639,8.7135,10.43,8.8749,9.293,9.2075,4.4315,3.788,5.0868,4.7616,6.6421,7.0514,5.3331,4.9819,4.1888,4.8307,6.0254,4.6809,5.625,5.2546,2.5044,6.2128,4.4045,3.6348,6.8251,5.3763,4.031,5.0548,4.6702,5.7123,4.3171,4.239,4.9503,3.807,6.7065,4.046,5.6156,5.2828,5.3349,9.8871,4.6885
TCGA-LUAD-049,LUAD,2,4.8669,5.4171,4.8659,5.3067,3.9614,4.5158,4.0481,9.617,9.3655,9.0471,7.4259,8.8657,8.6843,7.8995,7.8109,4.5237,4.2562,5.3672,4.2696,5.332,7.1115,4.6504,5.0764,5.6122,4.8151,5.6636,3.9229,4.5044,5.4176,1.7146,5.9528,3.644,4.3863,5.5847,5.7142,6.048,4.3322,3.957,5.0992,5.8609,3.9597,5.1152,3.9747,6.1112,4.2619,5.3571,4.8827,4.7126,9.7003,4.9994
TCGA-LUAD-050,LUAD,2,5.2763,5.8569,6.2184,4.9436,4.6435,3.6908,4.6433,9.5629,9.0532,8.4611,6.8752,9.3555,10.8065,8.8766,8.5243,3.8411,5.2959,5.3984,4.3333,5.5916,6.6972,3.3812,4.5648,6.0318,4.2049,5.6344,5.0952,5.5059,5.2289,2.146,4.7586,4.2413,4.2648,6.6401,5.8143,5.6836,4.1955,4.3275,5.8972,5.2832,3.6834,5.1628,3.737,6.506,4.4887,4.6978,4.5759,5.3734,9.7185,4.1508
TCGA-LUAD-051,LUAD,2,4.2997,5.5571,5.1875,5.693,4.3799,4.7775,4.6292,9.3264,9.9381,8.4589,6.8716,8.7141,10.7373,8.4495,9.1338,4.0021,5.0069,4.6519,5.1777,6.148,6.9255,4.4657,4.7356,4.7863,5.0098,5.7583,4.5042,5.1614,4.7514,2.7318,5.4691,4.4238,4.62,6.3976,5.6892,5.6952,4.5145,4.2127,5.5038,5.2741,4.3571,5.7047,4.1962,5.5852,4.3357,5.7594,3.8787,4.4712,9.1049,4.8821
TCGA-LUAD-052,LUAD,2,4.8112,5.4526,4.8605,5.3066,3.1331,4.0841,4.2433,9.3012,8.6664,9.2382,8.1212,9.8489,9.45,8.29,7.0597,4.3318,4.2429,5.7086,5.2532,6.6331,6.7154,3.6528,4.2658,5.5826,5.0301,6.1924,4.5553,5.7885,4.3039,2.9617,6.159,4.8532,4.8058,6.0842,5.8558,5.2649,4.1217,4.6184,5.7619,4.935,4.5226,5.1606,4.5568,6.4768,4.0364,5.5944,3.8513,5.2107,8.7968,3.7498
TCGA-LUAD-053,LUAD,2,4.5443,5.3377,5.4272,5.7825,4.974,5.5629,4.9736,9.9886,9.0315,10.4508,7.1023,11.1106,10.8053,8.8226,7.8524,5.2254,4.3613,5.3513,5.4676,6.8497,7.1369,4.7762,4.1962,4.5578,5.2712,4.6927,5.1476,5.283,5.3798,1.6673,4.6933,4.1759,4.5468,5.0492,6.5186,5.5985,4.5584,4.3417,5.64,4.6121,4.5809,3.9297,3.8504,6.0773,4.3968,4.5441,5.0648,4.52,9.1352,4.4832
TCGA-LUAD-054,LUAD,2,5.5026,5.8989,6.1286,5.4414,4.9019,4.6275,4.2656,10.8586,8.5163,9.6537,8.3619,10.2074,10.4993,7.5436,7.0464,4.2648,5.1975,4.7864,4.2093,5.3484,5.511,3.6575,4.0523,5.4986,4.9803,5.5458,3.7176,5.0598,4.4346,2.4914,6.3688,4.7071,4.0382,6.4366,5.8636,5.3781,5.5222,3.6437,5.3283,5.1214,3.8004,5.4147,3.9224,6.3325,4.8623,5.336,5.5411,4.8115,8.9389,4.9941
TCGA-LUAD-055,LUAD,2,5.0871,5.7887,5.4666,5.8009,4.6551,4.351,4.2132,9.654,8.2847,10.5254,7.4793,10.1195,10.0937,7.669,8.9913,4.0363,4.3868,5.7981,5.3133,6.098,7.5364,4.1116,4.3015,4.0631,5.4893,5.0455,4.4133,4.6582,5.6912,2.4779,5.2694,4.3248,4.2944,6.0941,6.1028,5.5193,3.8828,3.6556,5.8646,4.8154,3.9365,4.3865,3.2158,5.6489,5.0133,5.179,4.886,4.8426,10.1787,4.2308
TCGA-LUAD-056,LUAD,2,4.9281,5.9336,5.0128,5.087,4.743,4.3275,4.2779,8.792,9.5378,9.3099,7.2993,9.2868,10.0372,8.2143,8.1593,5.2125,5.0768,4.9687,5.1641,6.5988,6.2492,4.5442,4.4806,4.8437,5.514,6.183,4.1642,5.3743,4.7394,2.7491,5.4108,4.5646,3.9944,7.1296,5.6737,6.2643,4.1543,4.4671,5.7932,4.9958,4.0208,5.16,4.2092,6.8955,4.1331,5.1796,4.8281,5.0161,8.9789,4.9419
TCGA-LUAD-057,LUAD,2,5.3431,5.6816,5.3447,5.5696,4.5015,4.3855,3.4462,10.5696,9.3004,8.1011,9.5075,10.171,8.8706,9.5786,6.9034,4.9305,5.6567,5.24,4.6868,5.8853,7.004,4.9452,5.3674,4.7896,5.5223,5.703,3.9978,5.6934,6.1202,1.6276,4.8169,4.3951,4.6212,5.5206,6.2379,5.4833,5.0206,3.8159,5.8912,4.8892,3.7999,5.1212,3.1067,5.721,4.738,4.5717,3.4002,3.9745,8.7274,4.3683
TCGA-LUAD-058,LUAD,2,4.9711,6.4782,5.5179,5.0868,4.172,3.1942,4.2693,9.3497,9.2147,9.5956,8.1269,10.4769,8.4394,8.4202,9.1202,4.3111,4.2052,5.4521,5.302,6.2301,6.2541,4.0432,4.6126,5.1502,4.2116,5.4455,4.2379,5.0897,4.6526,2.1307,5.1814,3.8564,4.0841,5.817,6.3722,5.3358,4.7151,3.8107,5.2054,5.117,4.3858,4.8809,3.9409,5.2737,5.2707,5.8013,5.0115,4.3466,8.3983,4.2394
TCGA-LUAD-059,LUAD,2,4.4593,6.2335,5.6869,5.4012,4.2347,5.1544,4.061,9.5714,10.1257,8.6494,8.4364,9.5364,9.2439,8.6519,8.8097,4.6147,4.2156,5.1233,5.4789,6.9566,6.5746,5.0119,4.9167,5.3149,3.8696,5.8928,4.8604,5.9815,4.5714,3.2894,6.1588,3.3665,4.3824,6.3964,5.9609,5.5334,5.0041,3.9074,5.3967,5.3746,5.1455,5.3584,4.1424,5.7423,4.064,6.0123,4.609,5.7195,8.7499,4.082
TCGA-LUAD-060,LUAD,2,4.5105,6.5554,6.0313,4.6873,3.842,4.1924,3.695,11.5946,9.5712,10.2038,8.2715,9.4688,8.9235,8.9543,7.1382,5.2667,4.0257,5.5452,4.2477,6.2577,6.8709,4.0635,4.5519,4.1125,4.5096,5.9765,4.4541,4.7861,5.9655,2.4558,5.1558,4.1223,4.4506,6.1116,6.0703,4.8564,5.1027,4.106,5.5631,4.5941,3.8156,5.839,3.189,5.4734,5.3096,5.7779,4.523,5.7674,9.4956,4.523
TCGA-LUAD-061,LUAD,2,4.1758,5.607,5.6851,5.0698,3.8209,4.5881,4.0867,8.4788,8.7541,8.8154,7.8468,8.1244,9.9266,7.4259,7.255,4.3093,4.1004,5.36,4.8849,5.7244,6.9009,3.6932,4.4396,4.6862,4.7872,5.755,4.4,5.2467,5.7749,2.8823,5.8139,3.9513,3.8888,6.4143,6.4601,5.4392,4.9759,3.7431,5.7458,4.9552,3.5763,4.8724,5.1668,6.1019,5.7195,4.7356,5.0611,3.877,9.4511,4.7223
TCGA-LUAD-062,LUAD,2,5.3463,5.6076,6.2185,5.5688,3.8228,4.5676,3.6163,9.7474,8.9861,9.6577,9.0885,9.5955,9.3021,7.2563,10.4277,3.8682,3.8157,4.4323,5.4034,6.1457,7.1707,4.6883,4.5637,4.9081,5.271,5.512,4.3561,5.2523,5.7374,2.0082,3.8263,4.7149,4.607,6.1876,6.2585,5.4963,4.9202,4.6415,5.5336,6.214,3.4866,5.1709,3.4885,6.4404,3.7786,4.7906,4.3692,5.2771,8.0748,4.114
TCGA-LUAD-063,LUAD,2,4.4802,5.5653,5.6536,5.1369,5.0828,4.7138,3.8074,10.8062,10.741,7.6729,6.9899,9.2229,9.6479,8.331,7.6076,4.2405,4.8615,5.7214,4.7098,7.1836,8.1657,4.9715,4.954,5.81,4.8583,5.3111,4.1763,4.6298,5.3642,3.0744,5.437,4.3689,4.2097,6.9557,6.4344,6.2397,4.7655,3.4071,4.5984,6.0097,4.0026,4.781,4.1985,6.2757,4.9077,6.3448,5.4361,4.7387,10.0787,4.2146
TCGA-LUAD-064,LUAD,2,5.5078,5.3489,5.2481,5.4075,4.4995,4.8949,4.5614,10.9042,9.0105,10.685,6.2534,10.3599,9.7549,9.3051,8.475,3.7691,4.5521,6.1381,4.5407,6.3414,7.943,4.3296,4.3028,5.0624,5.1008,5.2978,4.1099,5.3581,5.77,2.7268,5.302,4.7095,4.0569,5.9379,5.7467,5.3921,6.0046,4.1168,6.1878,5.8103,4.1767,5.2736,4.1269,5.1944,3.7933,5.482,4.4733,6.0899,9.6449,5.3821
TCGA-LUAD-065,LUAD,2,5.6703,6.0192,5.4407,5.1937,5.1533,4.7709,4.8516,10.3574,8.4794,9.0673,8.0089,9.0823,9.9485,9.053,6.528,4.8452,4.0332,5.5841,5.401,6.3691,6.8731,4.8563,4.3949,5.2027,5.5849,6.6074,3.8864,5.3356,4.8226,2.1878,5.5161,4.4139,4.7156,5.9145,6.0574,5.8842,4.2392,3.8533,6.0634,4.6939,4.8597,5.393,3.3019,6.2657,4.8306,5.669,4.6148,4.6741,10.5137,4.3559
TCGA-LUAD-066,LUAD,2,4.8984,7.0196,5.8759,6.9247,4.5093,4.461,3.0501,11.0257,10.2488,9.6553,6.9947,9.357,8.946,9.4551,7.4718,4.4881,4.4674,5.5462,5.0387,6.155,5.3025,4.4285,4.4879,4.7756,4.4121,6.444,4.8677,5.8467,5.8768,2.6543,4.7655,5.2968,3.6793,5.9533,6.4778,6.1567,4.9563,4.0147,5.2018,6.2356,4.2488,5.0085,3.7189,6.1228,4.6683,5.4494,4.8766,6.0259,9.236,4.4282
TCGA-LUAD-067,LUAD,2,5.0587,5.8667,4.9305,4.7064,3.6954,5.2822,4.2717,10.4259,7.7377,9.6246,6.9135,10.0655,9.6281,7.8113,9.072,3.8334,4.3739,5.8095,5.1579,5.6105,5.655,3.8235,4.1895,4.8095,5.0989,5.6531,4.4197,4.606,5.4499,3.1712,5.2552,4.284,4.1846,6.6467,5.677,6.5039,4.8808,4.2292,6.1119,4.3773,4.5295,5.3045,3.6079,6.2308,4.711,5.3682,5.1172,4.8583,9.4038,4.3408
TCGA-LUAD-068,LUAD,2,5.8023,6.1814,5.9882,5.4595,4.2275,4.3336,4.8571,10.1777,11.1355,10.6611,8.1244,10.1796,8.8997,7.7982,8.168,2.8758,5.9012,4.8692,4.662,6.8976,6.3984,4.8752,4.349,4.1441,5.8562,6.1889,4.8993,5.3151,5.6029,2.0225,5.3924,3.9108,3.4486,6.293,6.7035,5.5868,4.5641,3.6458,5.5089,5.3484,4.6642,5.362,3.7664,5.6754,4.967,5.8635,4.5998,4.9311,9.3821,4.2267
TCGA-LUAD-069,LUAD,2,4.5317,6.8153,5.545,4.7265,4.1066,3.7027,3.6998,8.4628,8.7011,10.014,7.2846,10.745,10.7246,8.8152,7.5999,5.8818,4.7641,4.86,3.9833,5.6797,7.19,5.0579,5.0193,4.2485,5.7583,5.9523,4.7667,5.3544,4.5498,1.6025,5.0815,4.697,3.4529,5.9999,6.0361,6.1748,5.0075,3.7098,6.2287,4.3867,4.8146,4.8143,4.1576,6.1135,4.6682,5.7948,4.8815,5.536,9.7574,3.7745
TCGA-LUAD-070,LUAD,2,4.9921,6.3501,5.658,5.7007,4.5867,4.3159,5.2038,8.7596,10.0492,8.4471,8.7982,9.6935,9.1528,7.563,7.7002,4.5295,4.8584,5.2226,4.4032,7.5931,6.9787,4.524,4.3193,3.6681,4.5411,5.0036,4.9851,4.8279,5.0463,2.0504,5.3836,4.0169,4.6393,6.2386,5.8385,6.2036,4.6741,4.2256,4.774,4.9328,4.4293,5.7562,3.6997,7.1396,4.8478,4.6978,4.2632,5.8546,10.2185,4.4157
TCGA-LUAD-071,LUAD,2,5.7478,6.2256,5.5227,5.2836,3.9717,3.9604,4.349,9.6377,8.5417,8.0134,7.3402,9.588,9.637,8.0837,6.4785,3.7508,5.0732,4.9998,5.8613,6.6773,7.0088,3.7686,4.4502,4.4397,4.4706,6.0593,4.8715,5.3308,4.8893,3.0201,4.3803,5.0367,3.494,5.5273,6.182,5.8806,4.6338,3.6598,6.072,4.1254,3.5268,5.0359,3.4435,6.6118,3.9802,6.2361,5.2033,5.7617,10.7502,4.4473
TCGA-LUAD-072,LUAD,2,4.7533,5.5003,5.5505,5.391,4.6027,4.3818,3.6873,10.9975,9.6936,9.0333,7.965,10.2093,11.0111,8.246,7.6495,4.7211,5.4575,5.9105,5.2467,6.6946,7.0598,4.7997,5.2921,4.6877,5.6624,5.8989,4.7647,5.8223,5.6768,3.4348,5.1419,5.1243,4.491,6.1506,6.6749,7.0724,4.0857,3.813,6.848,5.1817,4.3639,5.0317,4.6799,7.3061,4.2367,5.4091,4.5104,5.5106,8.8074,5.2171
TCGA-LUAD-073,LUAD,2,4.2917,6.4091,4.6385,5.3623,4.603,4.2979,4.6744,9.7272,9.4193,8.6563,7.519,9.7118,10.7673,8.0501,7.4466,5.298,3.9539,5.496,4.4609,5.1191,7.0996,4.7566,4.0318,5.094,5.3848,5.0915,4.3254,5.9199,5.6286,2.7105,5.5442,4.0325,4.7,6.6442,6.1848,5.8938,4.1708,3.5389,5.317,4.9246,4.7998,5.5506,4.1681,6.5958,4.0976,5.9962,4.2906,5.764,9.4549,3.4075
TCGA-LUAD-074,LUAD,2,5.5092,6.8752,5.2852,4.5128,3.7998,4.12,2.9412,10.3864,9.7853,8.319,7.7113,8.8398,9.6808,7.3452,9.4078,4.4719,4.6928,4.8285,4.2836,7.2738,7.3664,4.8098,4.6009,4.724,5.2487,4.81,3.882,4.7324,5.076,1.8891,5.503,4.4159,4.8395,7.3244,5.493,5.8521,4.7429,4.2078,4.9629,4.5097,4.3887,4.6167,4.1553,5.8775,4.6401,4.9809,4.7645,4.7037,8.975,5.0764
TCGA-LUAD-075,LUAD,2,4.3729,6.596,5.8593,6.262,4.4399,4.2889,3.8704,9.3409,9.5092,9.9655,8.9951,9.0179,8.6064,8.3526,9.0153,3.4736,5.0225,5.0312,4.8578,5.4304,7.2346,4.3953,3.877,4.9936,5.1756,6.3387,4.2844,5.1373,4.9819,3.3911,4.9449,3.9287,4.1092,5.4746,6.9255,6.7421,4.4434,3.5216,5.6736,4.7273,4.8558,4.6958,4.3479,6.0575,4.2312,5.5776,5.125,5.1876,8.521,3.9703
TCGA-LUAD-076,LUAD,2,5.713,6.1233,6.2406,4.9364,3.719,4.2261,4.2591,9.9497,10.4346,8.3196,7.7224,10.7452,8.5658,7.1428,8.5484,5.2899,4.3816,5.4434,4.6741,6.299,6.9546,3.4447,4.6902,4.9501,4.6679,6.2713,4.2212,4.8127,5.5666,1.8847,5.7899,4.1741,4.6378,6.7316,6.4445,5.3725,4.0447,3.4978,6.0568,4.9009,3.9689,5.0233,4.616,6.3899,4.7886,5.7765,4.7759,5.2952,10.128,4.4066
TCGA-LUAD-077,LUAD,2,4.7933,6.4535,5.3822,5.1234,4.6443,4.1773,5.2307,10.2956,8.1623,9.5209,8.7366,10.6173,11.1321,9.3803,7.0421,3.7921,4.3643,5.0136,5.7839,7.6048,7.0284,4.3116,4.4678,5.2183,6.0976,6.6203,5.0083,5.693,5.7195,2.9514,4.9683,4.3647,4.3543,5.3607,6.0479,5.3655,5.1771,3.94,5.6694,4.6183,5.0673,4.239,4.3136,5.3619,4.3146,5.5606,4.8134,5.2588,8.2496,4.0858
TCGA-LUAD-078,LUAD,2,5.4277,6.3135,5.2016,5.7244,4.1757,4.7005,3.9434,10.3832,9.7548,8.9358,8.2464,10.6869,9.7493,8.9705,8.4854,4.0224,5.1523,5.6509,4.5562,6.8618,7.3044,4.0718,4.4947,5.0731,4.2482,5.1831,3.9444,4.2332,5.8458,1.3123,5.5082,4.781,3.9963,5.7534,6.2408,5.7794,5.1719,2.9006,5.046,5.2491,4.2937,5.4654,4.2067,5.9331,4.4182,6.6201,5.4532,5.3919,8.2876,4.6757
TCGA-LUAD-079,LUAD,2,4.8907,5.4914,5.9405,5.0704,4.1193,4.0979,4.3473,8.1987,9.4043,10.8122,6.9654,9.5087,10.2803,8.5876,8.2595,3.5782,5.0521,4.9155,4.6864,5.8938,7.2548,4.2112,4.4839,4.8609,4.9182,4.727,4.1939,5.579,4.55,1.9387,5.1232,4.0123,4.1292,5.541,5.9305,5.7545,4.9946,4.8373,5.3745,5.9124,4.1765,5.5038,5.0414,6.0702,3.8826,5.503,4.3799,5.0069,9.8931,3.7953
TCGA-LUAD-080,LUAD,2,5.5087,6.2458,6.196,4.8126,4.0092,4.7261,4.2757,8.8685,8.0628,8.9655,6.6819,9.2481,9.7823,8.2699,8.8334,4.9226,5.1973,6.2556,5.3514,6.3976,6.8783,4.7893,3.613,4.7671,3.9178,5.7768,4.8663,5.271,5.7724,3.1961,5.2648,5.779,4.2494,6.5621,5.8189,6.5881,5.191,4.9506,5.5326,4.3406,4.4987,4.2409,3.9076,6.096,5.7579,5.6168,4.7555,5.1126,8.6555,4.4496
TCGA-LUAD-081,LUAD,2,4.5425,6.389,5.5151,4.7225,4.8614,4.5199,4.0681,9.5704,9.7441,10.3305,6.8842,9.7542,9.3353,8.866,8.5034,4.4906,3.8263,5.2032,4.6241,5.8809,7.6509,4.1891,4.8796,5.0594,5.6383,5.1233,4.8988,5.1395,5.1142,2.4275,5.6399,3.914,4.402,7.0515,6.6144,6.4742,4.3106,4.5962,4.9332,4.8516,5.1391,4.7855,4.6313,6.5083,5.1067,4.824,4.9484,5.0659,8.8244,3.5792
TCGA-LUAD-082,LUAD,2,5.3842,6.0822,5.6272,5.7872,3.8476,4.4575,4.3395,10.0486,9.2205,9.2672,7.2387,10.6738,9.4594,8.2843,9.4292,4.9636,4.9986,4.2602,4.2478,6.7392,7.2118,4.389,5.2124,4.8028,5.022,5.293,4.6243,5.4246,5.0144,2.2719,6.6497,4.3287,3.8013,6.4408,6.099,5.2356,4.9117,3.7883,6.2935,5.2156,4.13,5.1441,4.5273,6.0935,5.6304,6.0255,4.9296,4.6757,8.6494,4.6461
TCGA-LUAD-083,LUAD,2,5.368,5.8694,5.0761,4.9396,5.2016,4.0147,4.0661,9.2637,8.6944,9.4101,7.6134,10.8935,10.1762,8.7489,7.2673,3.9741,5.4362,5.6835,5.1427,5.5737,7.9577,4.2708,4.4274,5.3775,4.9922,5.1446,4.4594,4.7406,3.7986,2.5364,5.0727,3.7973,4.4307,5.6988,6.3636,5.1618,5.1248,3.5766,4.3345,5.587,3.8405,5.9679,4.358,6.3956,5.0921,5.5139,4.7478,5.7848,9.4456,4.0426
TCGA-LUAD-084,LUAD,2,4.951,5.4214,4.738,5.3198,4.1164,4.2985,4.6605,10.2845,9.1607,10.3911,8.3199,9.9827,8.9119,7.4043,9.1874,4.328,4.5207,5.0397,4.4909,7.2926,7.7305,3.7004,5.0447,3.8835,5.496,5.3792,4.6192,4.1666,4.704,2.7916,4.9861,3.9552,4.841,7.193,6.5929,5.2325,5.5519,3.4342,5.3531,4.9957,5.2305,5.5457,3.8438,5.528,5.0704,5.1909,4.7941,4.4593,10.3659,4.651
TCGA-LUAD-085,LUAD,2,5.3615,5.5006,6.1031,5.9126,4.2677,4.5974,4.3748,10.3873,9.9215,9.0657,6.691,10.2996,10.4324,8.9732,8.485,4.3581,4.7579,5.3148,4.9201,5.968,6.3264,4.4093,3.954,4.3247,5.3698,5.6278,4.7881,5.0209,5.8565,2.0349,4.3591,4.4878,3.0587,5.3612,5.6829,5.2746,4.3976,3.6938,4.8023,5.7393,3.9294,3.974,3.8952,5.4381,4.1268,5.8127,4.4617,4.5679,8.5005,4.9817
TCGA-LUAD-086,LUAD,2,4.7018,5.9279,5.119,4.6143,5.3471,4.3567,4.4488,9.3316,8.1669,8.9527,7.1201,8.3794,10.0708,8.204,7.7714,4.7712,4.2651,5.7208,5.3328,6.8613,8.2887,5.3289,4.9877,5.0886,5.5442,5.4354,4.1544,5.468,4.8751,2.913,5.415,3.9471,4.156,6.7401,6.1656,5.8217,4.8346,4.4445,5.3399,5.1435,3.7439,4.6899,3.7401,6.2354,4.6494,5.3904,5.0311,5.3336,9.4065,3.8891
TCGA-LUAD-087,LUAD,2,3.8178,7.0302,5.9566,5.3685,3.8976,4.1242,4.4325,10.2285,10.2545,9.7861,6.5712,10.3669,10.0792,9.3502,8.5934,4.4201,4.669,5.4897,5.5599,6.0426,5.8507,4.1503,6.2222,4.6753,4.9425,6.0366,4.9277,5.2162,5.8855,1.8187,4.9536,4.9564,4.1486,5.4563,5.4631,5.373,4.6712,4.4486,5.3408,5.1608,4.05,5.7013,5.3516,5.8042,4.8093,5.6568,4.7551,5.4708,8.6954,4.1712
TCGA-LUAD-088,LUAD,2,5.1223,5.2124,4.9614,6.2299,3.7152,3.3632,3.5121,10.65,9.2698,8.9163,8.3086,9.1421,9.973,8.4625,10.0472,3.804,4.6182,5.3238,4.4602,6.2202,6.1916,4.494,4.5887,3.7807,5.6564,6.7626,4.3509,4.6823,6.0563,3.1143,5.2522,4.2658,4.1032,5.2503,5.9788,6.6359,4.5858,3.6949,5.7537,4.6347,4.2353,4.455,3.5573,6.3693,4.6272,5.0695,4.7455,4.8406,7.8143,4.9887
TCGA-LUAD-089,LUAD,2,5.2446,6.0163,5.2609,5.1248,4.7278,3.5379,3.9501,9.9358,8.79,9.3684,8.2092,10.2845,9.9734,7.7422,7.6933,4.8732,4.6253,5.1277,5.0841,6.8621,6.8459,4.6536,4.1034,4.6686,4.8922,6.4366,4.3199,5.758,5.018,2.7229,5.5773,5.1592,4.0372,4.8062,5.3423,5.9275,3.9328,3.7821,5.5115,3.7437,4.0786,4.507,3.3261,5.5994,4.0347,5.6923,5.284,4.9619,8.782,4.1996
TCGA-LUAD-090,LUAD,2,4.0288,6.1213,5.5862,5.345,4.3229,4.1568,3.3998,10.5213,10.358,11.4278,7.5445,10.864,9.0739,8.919,7.9807,4.7498,4.2579,5.3194,5.4356,5.7454,6.1707,4.7843,4.9508,5.324,5.4276,5.5568,5.5389,5.1998,3.7755,2.0946,5.102,4.7728,3.9175,6.637,6.4034,5.2784,4.6,3.8271,5.5977,4.5776,4.3057,4.9532,3.9995,7.026,4.3891,4.4903,5.1937,5.6481,7.9832,4.0562
TCGA-LUAD-091,LUAD,2,5.2726,6.149,5.6871,3.9999,3.9266,4.7155,4.4551,8.2926,7.4218,8.596,5.9998,9.0287,10.3925,8.8805,9.1407,4.5572,3.6942,4.7841,4.8027,5.4703,6.7602,4.9565,4.3718,4.6355,5.3731,5.0176,4.0192,4.7625,5.3311,2.358,5.1799,4.0427,3.6077,6.3921,5.9555,6.088,4.1143,3.8823,5.3947,4.9044,4.6457,4.8741,4.449,6.188,4.5159,4.9819,5.0642,4.681,8.3032,4.3797
TCGA-LUAD-092,LUAD,2,4.9039,6.0131,5.0487,4.5953,3.4563,3.9453,3.0824,10.7539,8.8148,9.6727,7.4927,9.0663,9.7041,6.6288,8.076,3.9983,4.6772,5.6558,5.6357,6.4353,6.987,3.855,5.4844,4.7229,5.0435,5.524,5.0389,5.2311,5.6838,3.0683,5.2264,4.8399,4.3158,5.6071,5.6298,5.8529,5.1239,5.0346,4.6167,4.9812,4.5133,5.2372,4.5803,6.3283,4.0766,4.9502,4.842,5.6394,10.0085,3.6177
TCGA-LUAD-093,LUAD,2,5.2587,5.1642,5.5782,4.7092,4.0225,3.0907,4.8242,10.2127,9.3436,9.5685,7.063,8.9873,10.8811,10.2819,8.1823,4.9372,4.8474,4.4475,4.4862,6.4333,6.4066,5.4474,4.357,5.5964,4.8506,6.1273,5.1368,5.8263,5.0111,1.8199,5.296,3.7249,4.2627,5.6771,6.6657,5.4934,3.799,4.9153,5.597,4.9829,4.8157,5.5252,3.6947,5.7756,4.0128,4.7253,4.9751,5.3402,10.3907,5.0475
TCGA-LUAD-094,LUAD,2,5.1234,6.1819,4.8789,5.5705,4.4856,3.6183,4.8177,11.1565,9.4545,9.4523,8.4146,9.214,10.1473,6.9123,9.3199,4.9264,4.979,5.1766,5.419,6.5357,6.4717,4.9019,4.8015,4.464,4.7945,5.3592,5.4504,5.1334,5.3822,2.6741,4.7289,4.9234,3.8392,7.0026,5.9681,6.2973,3.4218,3.6273,5.3585,3.9529,4.5689,5.2459,3.5802,5.9925,4.9726,4.406,4.049,4.9766,10.1483,4.3774
TCGA-LUAD-095,LUAD,2,4.4895,6.5178,5.892,4.9062,4.169,4.1775,4.7415,9.8832,8.8338,9.7325,8.6435,11.438,9.2815,7.354,7.0898,4.0207,4.5021,4.624,5.6113,6.0545,7.0597,4.4003,4.6581,5.5491,3.8731,5.6293,3.8991,4.1506,4.7059,2.5748,4.9739,4.8235,4.0362,5.9252,5.9642,5.7292,4.4609,3.7893,5.9999,4.6563,4.0767,5.3041,4.235,5.5538,4.9468,5.7264,4.7748,4.9285,8.8286,4.3058
TCGA-LUAD-096,LUAD,2,4.1949,6.1371,5.107,6.3366,4.6422,4.8261,4.1133,9.0571,9.845,9.237,6.5453,10.4068,10.1416,7.5333,6.8041,5.2609,4.563,6.5091,5.2765,5.5798,7.0085,3.2972,5.1558,6.0895,3.9587,5.5837,4.3866,5.5689,6.3563,2.7632,6.4075,4.4604,4.3688,6.2517,6.7345,5.5673,5.0793,3.5995,5.3631,4.65,4.3125,4.9313,4.6417,5.5612,3.7037,4.7789,5.1828,4.6594,9.9254,4.2593
TCGA-LUAD-097,LUAD,2,4.7965,6.1028,5.6092,4.4477,4.5915,3.858,4.8458,9.4448,9.381,8.4574,6.8919,10.5907,10.3383,8.7923,7.9539,5.0497,4.4794,5.4575,4.5875,5.3587,5.669,4.4748,4.7738,5.1947,5.1108,6.7405,4.5273,5.6272,5.1413,2.4171,5.6954,4.3306,4.5591,6.264,5.7279,6.3156,4.2346,4.5275,6.1461,4.776,4.8465,5.2882,4.5016,5.5821,4.6765,4.7535,5.5414,4.1372,9.0462,3.9408
TCGA-LUAD-098,LUAD,2,5.1342,5.472,5.0438,5.1178,4.191,4.8482,3.6775,9.9477,10.3184,9.6227,9.1142,10.7791,9.3572,9.6846,8.9698,4.2661,3.7823,5.6012,5.056,6.8393,5.6278,4.2833,4.2148,5.5567,5.3105,5.8445,4.2233,5.3299,4.8392,2.6208,5.0474,5.5084,4.8781,6.6191,5.3792,6.2106,4.764,4.8266,5.6665,4.965,4.3854,4.1866,3.692,6.1872,5.139,5.1823,4.6654,4.3437,9.3701,4.9636
TCGA-LUAD-099,LUAD,2,5.0298,6.4852,5.0309,5.6454,3.6335,3.3533,4.4912,10.4427,9.1608,10.2131,9.691,10.1771,8.6841,9.4611,7.2205,4.0765,5.0771,4.7985,4.878,5.4492,7.2602,4.3409,5.1267,5.2346,5.2791,5.9245,4.4027,5.4361,4.7471,0.9852,5.9176,4.7122,4.0796,6.6248,5.7586,5.4257,4.2481,4.4987,4.7138,4.5849,4.4133,4.4873,3.7455,4.8947,4.8722,5.1136,4.1361,4.4966,9.3564,3.6166
TCGA-LUAD-100,LUAD,2,4.2645,4.916,4.9611,5.5103,4.2843,4.7193,4.3787,9.7852,8.9204,9.2331,9.4064,10.6294,9.7531,7.8314,7.8392,3.8938,4.7701,5.124,4.9035,5.8664,5.9365,4.9373,4.6175,4.0989,5.2442,5.2995,4.7204,5.5721,5.8131,2.8266,5.1297,4.0624,3.7818,6.0789,6.0197,5.3658,4.0983,4.1605,5.2882,4.3977,4.6838,5.9754,4.5569,5.6404,4.5442,6.2278,4.0989,5.5354,8.2253,5.2487
TCGA-LUAD-101,LUAD,2,5.3195,6.4619,5.7816,4.8906,4.4459,4.7396,3.8347,10.7412,9.6915,9.9379,7.8962,10.8576,9.6135,8.9284,8.5305,4.3217,3.8876,4.6106,4.9163,7.2212,6.7754,4.1069,5.5333,4.6576,4.939,5.6698,3.7665,5.4172,4.9769,2.5699,5.5588,5.3464,3.4842,6.52,6.5588,5.4594,4.9699,5.0366,5.1228,5.0891,4.4709,5.3565,4.4603,6.0837,4.826,5.0018,4.7678,4.906,7.8893,4.1521
TCGA-LUAD-102,LUAD,2,6.2062,6.3231,5.8782,5.6799,4.3551,4.9251,4.6318,10.7339,9.0336,9.7362,8.9645,9.9232,9.1013,8.7471,9.0364,3.6029,4.8192,5.5762,5.2252,6.3547,6.2383,4.6004,5.243,4.5196,5.2568,6.5181,4.6087,4.9329,5.8237,2.5742,4.6875,4.7813,3.94,5.9293,5.8109,5.5421,5.3717,5.0461,6.4028,5.5134,4.5016,4.3732,3.9819,7.0789,4.3515,6.2146,4.7133,3.8051,9.6902,5.0398
TCGA-LUAD-103,LUAD,2,5.1244,5.1545,5.5886,5.1493,4.0159,4.5926,3.5529,10.0231,10.4456,9.3577,7.798,10.3575,10.2347,7.2753,9.9459,4.6327,4.6984,5.0681,4.3412,5.9592,6.575,4.2677,4.6899,4.9166,4.1337,6.1459,4.0161,5.0623,5.9463,3.7258,4.4864,4.3903,4.2796,5.3338,6.5257,5.8366,4.7672,3.7561,5.7118,5.3874,4.3321,4.8324,3.8576,6.1107,4.5937,5.91,4.4456,4.535,8.5781,4.1679
TCGA-LUAD-104,LUAD,2,4.5517,6.7139,5.3249,4.6813,4.409,4.3578,3.8818,10.6994,10.6239,10.7614,7.2081,9.9079,10.5715,8.2054,9.2192,3.8213,5.1432,4.9039,4.8531,5.9002,5.672,4.5262,5.1458,5.1484,5.3288,5.695,4.2359,5.2758,5.714,2.3024,5.9417,4.2676,3.653,6.0824,6.1774,5.7375,5.3105,4.6175,4.7898,5.7355,2.8978,6.1649,3.932,5.9057,4.5393,5.6502,4.6856,5.0775,9.5749,4.6895
TCGA-LUAD-105,LUAD,2,4.7132,5.9671,4.3963,5.0537,4.6998,4.332,3.4852,11.3325,9.653,9.6208,9.0607,9.5647,9.5206,8.4688,8.1954,3.9524,4.0497,5.4156,5.1529,6.7039,6.3483,5.4171,4.7769,5.0894,4.3241,5.4203,4.6991,5.0892,5.3972,2.5209,5.3976,4.4344,3.5529,6.4088,5.2744,5.8706,5.5529,4.5552,5.8425,4.5196,5.153,5.7777,3.6539,5.7631,5.1966,6.3556,4.0534,4.6423,9.5643,3.3211
TCGA-LUAD-106,LUAD,2,4.5253,6.4772,5.7364,5.2479,3.948,4.5047,3.9075,8.4517,9.2413,9.2017,7.5544,9.1862,10.2301,8.0493,8.26,4.7244,4.6542,4.7581,5.3306,6.1934,6.5461,3.2392,4.7917,4.3913,5.2189,5.3396,4.5059,4.9421,6.1793,3.2783,6.0102,4.3872,4.5543,6.1334,6.8592,5.7422,3.9714,3.2156,6.3395,5.2076,4.5406,5.8342,3.2498,5.8212,4.4513,5.8287,4.3394,4.5435,9.5241,4.9814
TCGA-LUAD-107,LUAD,2,4.0176,5.3189,6.7374,5.9334,4.7277,4.0133,4.0088,9.8089,10.6226,9.1846,7.4553,9.4487,9.2497,9.457,9.1418,4.0319,4.6125,4.6147,4.9302,5.9815,6.0398,4.1917,4.0548,5.0553,5.3219,5.5142,4.7138,5.4268,5.1885,3.8676,4.9741,5.1108,4.0305,5.6659,5.9486,5.2288,5.0624,3.4135,6.2001,4.5004,4.6868,5.1015,4.2111,5.7055,4.7457,5.525,3.9568,4.6629,8.411,4.0292
TCGA-LUAD-108,LUAD,2,5.2073,6.1842,5.5342,5.3184,4.3205,4.2386,4.3863,9.6933,7.7492,8.3187,6.4751,11.0297,10.2162,7.7134,8.48,3.3478,5.1557,5.5093,5.5253,6.8093,6.1467,4.7509,5.3824,4.0587,4.9177,5.5457,4.867,3.9343,6.2113,2.9817,5.7946,4.345,4.3892,4.9268,5.9319,6.2024,4.8145,3.3965,5.536,4.559,3.8158,4.329,4.385,6.557,5.6294,4.7205,5.0695,5.5607,9.3401,3.9479
TCGA-LUAD-109,LUAD,2,3.9713,6.6681,4.654,4.4956,4.8686,5.3032,3.9825,10.1928,9.5217,9.8822,8.4705,9.4409,9.0983,9.0943,8.7273,4.1846,4.1684,4.7042,5.2595,6.5416,6.5308,4.0906,4.2159,5.2744,5.0189,5.9113,4.6185,4.9775,4.7206,2.171,5.9005,4.0123,3.9379,5.5204,5.5164,5.3939,5.5144,4.5439,5.2419,5.5098,4.1923,5.7666,5.1815,6.5146,4.6166,5.8072,4.6933,4.2262,8.8631,3.9309
TCGA-LUAD-110,LUAD,2,5.4871,5.588,5.2524,5.8119,4.1906,4.2531,4.0267,9.0532,10.0554,9.012,7.3319,9.623,8.7949,9.7397,8.3086,4.3114,4.7887,5.6367,4.4045,5.7417,6.0137,4.1711,5.1791,4.4429,5.0918,5.4629,4.0096,5.6171,4.7807,2.9178,5.4908,3.9493,4.221,5.6201,6.3853,5.121,4.5003,4.0885,6.0618,5.0384,4.746,5.3667,4.3498,5.8345,5.0798,5.2795,3.8209,5.0368,10.0107,3.6034
TCGA-LUAD-111,LUAD,2,5.0767,6.8685,5.2841,5.2071,4.1729,4.3809,5.3799,9.5176,8.6463,8.0346,7.8078,9.7545,9.189,7.3718,7.083,4.7061,4.354,5.3672,5.1999,5.9686,6.6618,4.65,4.1814,3.579,5.3568,5.8102,4.1342,4.3957,4.285,2.1994,6.161,4.3059,3.9624,6.0754,7.214,6.1544,4.2034,4.2289,5.6715,4.4402,4.6481,4.6805,3.3202,6.0386,4.5282,5.457,4.3034,4.8316,9.5436,4.6272
TCGA-LUAD-112,LUAD,2,4.855,5.9791,5.3607,5.7642,4.7144,5.3658,4.4331,10.2329,9.5474,9.808,7.2276,10.3406,9.6876,8.2495,8.3751,4.7934,4.0525,5.2909,4.8514,6.0304,7.1097,4.0973,4.7201,4.3049,4.4993,5.5481,4.2405,4.6286,5.7654,2.3122,5.2233,3.7114,5.1789,7.3011,5.7342,6.3915,4.6242,5.0168,5.6734,5.0182,3.0188,4.6501,4.0859,6.0998,3.9619,5.0932,4.9625,4.4525,10.0584,5.0257
TCGA-LUAD-113,LUAD,2,4.4148,5.5234,5.1675,5.0509,4.2286,4.8618,4.1715,10.2234,9.5185,8.7205,7.696,9.5392,9.7394,7.8292,6.7247,4.4916,4.8463,5.0648,4.9643,6.9309,6.3129,4.1676,4.6822,4.1961,4.9274,5.6955,5.2578,4.9823,5.4033,3.4641,4.9179,5.063,5.025,6.0731,5.8547,6.592,5.068,4.2559,6.2187,5.6288,4.1004,5.2138,4.3641,6.0149,3.8739,4.9884,4.0066,5.3906,9.1328,4.5029
TCGA-LUAD-114,LUAD,2,5.0018,6.0373,6.0157,5.5322,4.1551,3.4149,4.8773,9.4639,9.4375,7.8943,7.9746,10.0437,9.1649,10.9481,8.7887,4.8138,4.9309,4.8151,5.3531,6.3812,6.8596,5.2874,4.7181,4.6654,5.5291,6.4257,3.9977,4.9048,5.641,2.4681,4.8594,4.6455,4.4789,5.9204,6.1551,5.4902,4.1225,3.9663,5.5423,4.2308,4.0565,5.1333,4.673,5.8442,3.9464,5.3527,4.4025,5.4202,9.7865,3.0514
TCGA-LUAD-115,LUAD,2,3.5718,6.0415,5.3434,4.6858,4.7573,3.5554,4.4363,10.1301,10.2091,9.1032,6.9242,10.9647,11.2558,8.2265,7.7707,4.9338,4.9415,5.3731,4.6882,5.2021,5.938,5.4981,4.8039,4.6832,5.635,5.3527,4.7308,5.1699,5.5333,2.289,4.8543,3.9637,3.7512,6.0861,5.3463,5.1548,4.7379,4.151,5.6004,4.9458,5.528,5.1528,3.8861,6.0511,5.0793,5.4327,5.0281,5.3422,8.9808,4.4621
TCGA-LUAD-116,LUAD,2,4.8989,6.5843,6.156,5.9569,3.4091,4.5957,3.375,10.3287,8.7959,9.315,7.7011,8.9567,9.6299,9.0403,9.2866,3.8634,5.255,4.9964,4.6447,7.063,6.6979,3.8835,5.6709,5.7132,5.3059,5.9426,4.6042,4.3563,5.3597,2.8321,5.0486,4.2205,2.9525,5.5389,6.5853,6.6441,4.1985,4.3063,6.0545,4.7082,4.6066,5.0725,4.6709,5.3593,4.017,5.5973,4.7339,5.116,9.7796,3.9414
TCGA-LUAD-117,LUAD,2,4.2254,5.7443,5.5889,4.7396,4.428,4.246,3.9291,9.7111,7.8105,9.9827,5.9534,9.3369,9.5061,7.8058,7.1423,3.5543,4.7012,4.9841,4.811,5.8191,6.3161,4.8728,4.7789,4.2137,4.6531,5.2914,5.1422,5.4869,5.2401,3.6782,6.0626,4.2598,3.9378,5.9064,5.648,6.6455,4.1669,4.649,5.8506,4.8159,5.1735,4.3098,4.0358,5.756,5.0496,5.6343,3.8221,5.7639,9.3525,3.8889
TCGA-LUAD-118,LUAD,2,4.8209,6.2932,6.0415,5.8408,3.5382,4.3141,5.1333,9.7785,7.9506,8.7203,6.8676,8.879,9.6456,8.0985,6.9968,4.3569,4.3861,4.3537,4.2429,5.99,6.5767,4.0779,4.1631,4.6101,5.3771,5.9057,4.9402,5.0172,6.1046,2.9711,5.0921,4.4216,3.5191,5.9345,6.3394,6.0843,4.4651,5.5818,5.4192,4.1291,4.8751,5.393,4.1915,5.768,4.766,6.2671,4.7866,4.4091,7.894,4.599
TCGA-LUAD-119,LUAD,2,5.0135,6.6178,6.129,4.8156,4.8379,3.4551,4.0263,10.0626,8.767,10.5065,9.2301,9.5113,8.2896,7.5826,9.2937,3.8422,4.5791,5.6097,4.203,5.9766,5.4028,3.835,4.3904,5.0628,4.653,5.7902,4.0957,4.866,5.9286,1.8418,5.7162,4.3746,3.8553,5.4788,5.5513,5.4092,4.5951,4.5166,5.3552,4.8517,4.2265,5.3278,4.3981,5.307,4.4283,6.0713,4.0277,5.1813,9.5879,4.1233
TCGA-LUAD-120,LUAD,2,5.0378,6.3906,5.7987,4.6488,3.9401,4.7682,3.1486,9.0893,8.2741,10.3591,7.747,10.0507,9.4765,9.1751,9.446,3.2524,4.748,4.7129,5.0457,6.127,5.703,4.1935,4.7205,4.85,4.9423,5.1169,3.905,4.4423,5.5803,2.1622,5.3107,3.5224,4.1263,6.4044,5.2035,5.5108,3.885,4.0047,5.0548,5.1588,4.3531,5.7351,4.0486,6.1697,4.2905,4.906,5.1031,5.7658,9.8474,4.4723
TCGA-LUAD-121,LUAD,2,5.5059,6.2927,5.1419,5.2579,3.8688,4.1089,4.4797,9.6031,8.9776,9.6215,8.4884,9.8907,7.914,7.4188,8.9483,4.8803,4.8622,5.3966,4.7093,5.7793,6.9794,4.2744,4.7301,4.038,4.9691,4.7214,4.1812,5.1631,5.6868,2.1569,5.5234,5.1094,3.8227,5.314,6.2693,5.1825,4.2607,4.6765,6.4438,4.468,3.8998,4.8695,3.8018,6.9672,4.304,5.2637,5.4939,5.4325,8.661,3.9536
TCGA-LUAD-122,LUAD,2,4.4871,6.4782,5.1727,5.3635,3.6892,4.2712,3.8461,10.0672,8.6669,8.9996,6.8996,10.922,8.8414,8.155,8.464,5.0466,4.1368,5.7836,4.2776,6.3228,6.8355,4.2215,5.5707,4.1789,5.3008,6.0041,6.1166,4.5928,4.9903,2.8075,5.2365,4.1436,4.6219,5.9543,5.6785,6.1416,4.8578,4.0585,5.3252,4.5109,4.631,4.9093,3.6907,5.3577,4.7654,5.2033,3.6794,4.5425,8.7173,4.3039
TCGA-LUAD-123,LUAD,2,5.113,6.3363,6.0628,4.7567,4.3597,3.7831,3.5763,10.8892,8.9513,10.0551,8.1026,9.1,9.3817,7.4239,7.8048,4.4677,5.0074,3.8255,5.0726,6.1846,6.5412,4.2755,5.1886,5.9391,5.1244,5.3728,4.0545,5.6129,4.8049,2.4143,5.4834,4.4667,3.3591,5.9091,5.3953,5.4844,5.1287,4.8304,5.6123,4.6832,5.0625,4.7976,3.5078,6.3487,4.7982,5.1863,4.7359,5.3652,10.2613,4.6361
TCGA-LUAD-124,LUAD,2,4.1013,5.7732,5.6428,4.6416,4.0333,5.5355,3.5632,9.1129,8.5675,8.3257,8.5699,9.9833,9.9738,8.362,8.8834,3.902,5.0897,4.6753,4.1682,6.1482,8.2674,3.3931,3.9772,5.1823,4.6822,6.0334,4.0205,5.2023,6.1755,2.0111,5.8485,4.715,3.3985,6.367,6.1608,5.824,4.8384,4.0397,5.5404,5.0891,4.6415,4.3258,4.7211,5.4229,4.9501,5.4973,4.0452,5.4082,8.7778,4.9411
TCGA-LUAD-125,LUAD,2,5.1523,5.9239,5.7235,6.114,4.327,4.8142,3.1322,9.774,8.2064,10.4492,7.6955,10.821,8.9461,7.7227,7.1085,4.3005,5.7734,5.8056,4.5148,6.1349,7.3932,4.2357,4.1413,5.0289,5.4264,5.3104,5.4171,5.8923,5.5774,2.392,5.5373,4.5161,4.3997,6.8828,6.0364,6.8024,4.8734,4.0696,6.705,5.3833,4.0411,5.1315,4.3933,5.9251,4.6363,5.0489,3.8432,5.1974,8.302,4.6702
TCGA-LUAD-126,LUAD,2,4.4774,5.656,6.3107,5.6571,4.9672,5.0679,2.9528,10.1547,9.4261,10.7648,8.3729,8.7926,8.3478,7.1514,7.9475,4.5316,4.068,6.2308,5.275,6.8947,7.4119,3.4868,4.187,5.2175,4.598,5.5899,4.4004,4.4926,5.1229,2.8015,5.7013,4.9317,4.6481,6.2905,6.2877,5.9051,4.3566,3.6999,5.1605,4.8053,3.9406,5.2963,4.1766,6.1552,4.745,6.0554,4.6815,5.6483,8.8416,4.9715
TCGA-LUAD-127,LUAD,2,6.255,5.745,5.7355,5.1411,3.9467,4.8751,3.575,10.2929,9.701,9.5084,6.9764,10.9247,9.9732,7.6918,8.2049,3.3868,5.5281,5.6622,4.3057,6.0676,6.0579,4.7643,4.3947,4.6243,4.8592,5.3987,5.1389,5.5806,5.3583,3.52,4.5231,3.7609,4.3804,6.4553,6.2641,4.8371,4.139,4.4232,6.7185,5.5773,5.0571,5.2593,4.2419,5.4838,5.0452,5.421,5.0321,5.1595,9.7554,4.3628
TCGA-LUAD-128,LUAD,2,4.6226,5.352,5.3351,5.8785,4.3368,4.1563,4.4003,9.7776,10.8485,8.725,8.6096,10.0853,10.9574,9.1927,8.9919,4.9465,4.7199,4.8488,4.5619,5.7027,6.219,4.8647,4.9961,4.1854,4.1302,5.1712,4.0509,4.9797,5.8897,1.8594,6.1768,3.5351,3.9688,6.4803,6.548,5.6106,5.171,4.621,5.1643,5.1258,4.6203,4.7841,4.9228,5.5828,4.6414,4.8327,4.7374,4.6106,9.3139,3.6134
TCGA-LUAD-129,LUAD,2,4.5817,6.7053,5.8502,5.0311,3.6854,3.8266,4.6931,10.8018,8.4918,9.3005,8.0569,10.5905,10.7353,9.4124,8.6583,4.0539,4.1967,3.5749,5.5673,6.5073,6.5926,3.331,4.3227,4.4202,4.606,5.8938,4.5004,4.4507,4.6544,2.2589,6.2419,5.1215,3.717,5.0993,6.1884,5.8019,4.8286,4.5856,5.7312,4.4101,4.4155,5.5163,3.7137,6.1505,4.2929,6.4556,4.0224,5.7221,7.8594,5.3032
TCGA-LUAD-130,LUAD,2,4.5354,6.2859,5.8844,4.9762,4.6953,4.6703,4.4894,9.1216,9.4936,8.629,7.8329,10.7523,10.1862,8.3659,7.9291,4.9675,4.848,5.9895,3.9355,7.2329,6.5467,4.1301,4.2603,5.2558,5.3101,5.1562,4.5217,5.4844,5.3923,3.4392,5.1916,3.248,4.2365,6.1779,6.28,6.332,3.6939,4.0956,5.044,4.3643,4.2323,5.4403,4.2261,5.6567,4.4966,5.9225,5.0273,4.8678,8.3387,3.5484
TCGA-LUAD-131,LUAD,2,5.626,6.2672,5.6246,5.9731,4.6914,4.2693,4.2359,10.0868,9.7878,9.9223,8.9819,9.0706,9.4248,9.1497,8.7616,4.2112,3.5086,4.7757,4.4005,5.9406,6.0588,4.4023,5.0974,4.7473,5.2527,5.471,3.662,5.1322,5.6435,2.1166,5.104,4.2516,5.5688,6.1992,5.1716,4.702,5.0354,5.4574,5.3648,4.7979,4.4839,4.6902,2.8036,6.5191,4.2627,5.9826,4.3053,5.205,9.6369,4.9419
TCGA-LUAD-132,LUAD,2,5.0258,5.5904,5.5503,5.0896,4.0386,4.8008,5.3832,9.9063,9.8638,9.3642,9.0404,8.3506,10.4528,7.7926,8.181,4.8101,4.5555,6.1709,5.1201,5.8396,6.8772,4.7931,4.6901,5.0026,5.0475,5.3973,4.0284,4.4299,6.0623,2.1641,3.6228,4.5734,4.331,5.1543,5.7082,5.3403,4.299,4.8213,5.4309,4.7547,4.8297,5.3371,3.2052,5.6922,4.7303,4.9906,5.7005,5.2006,7.8747,3.8452
TCGA-LUAD-133,LUAD,2,4.7523,6.044,6.4165,5.7622,4.7386,3.5542,3.7996,10.4609,8.9614,9.1229,8.4808,10.3781,10.1239,8.7443,8.1994,4.7954,4.5997,4.8087,4.7492,6.3648,7.2283,3.6387,4.3659,4.3495,5.5317,6.6543,4.5937,5.3268,5.349,2.4508,5.7232,4.588,4.3925,6.4753,5.2353,5.7795,4.8228,4.423,5.4199,5.0487,3.9085,4.202,4.5672,5.4333,4.4891,5.083,5.4793,5.1043,8.9794,4.7806
TCGA-LUAD-134,LUAD,2,4.8779,6.1019,5.4126,5.4743,4.7309,4.1773,2.8824,9.6335,9.6808,10.3028,7.8754,10.6599,11.037,9.7129,9.3674,4.8003,5.0228,4.8955,5.093,5.7038,6.9475,4.18,4.7555,4.1578,5.4092,5.2885,4.3141,5.2966,4.8397,1.4614,5.1451,3.6596,4.4993,5.5108,6.867,5.7756,4.6997,3.2246,5.5777,4.9282,3.6189,5.133,3.8767,5.8921,4.5823,5.2218,4.809,5.1009,8.4633,4.1423
TCGA-LUAD-135,LUAD,2,4.5908,6.2395,5.6483,5.6468,4.1987,4.3897,4.1639,9.9785,9.4804,10.1696,8.9228,9.2277,10.1455,7.0587,8.9065,4.7403,4.8042,5.2858,5.284,6.8035,6.4351,4.6213,4.6532,4.5822,5.3485,6.0529,4.5467,5.9899,5.9667,2.8804,6.6198,4.3019,3.9107,6.5177,5.9981,5.7844,4.1772,4.5182,4.7698,4.9201,4.2608,4.8714,3.197,5.1182,4.1962,5.7271,4.8302,5.1359,8.7908,4.5772
TCGA-LUAD-136,LUAD,2,5.0674,5.9654,6.3012,5.215,4.7704,3.8044,3.9202,10.8095,9.5174,8.1808,6.693,10.3333,8.5027,7.262,8.5605,3.2382,4.5382,5.0064,4.8278,6.6385,6.86,5.2023,4.6261,5.4492,4.1634,5.3101,4.7824,5.018,4.7667,1.7754,5.7032,4.701,4.2648,5.8396,5.5678,5.752,4.0125,3.8391,6.1359,4.0429,4.6072,5.8365,4.4838,6.1996,4.3375,5.1346,3.5617,5.1627,9.512,4.0577
TCGA-LUAD-137,LUAD,2,4.3761,6.4247,5.5082,4.8061,4.3319,4.1972,5.2893,9.835,9.5309,9.94,7.3878,8.9129,8.01,7.5338,7.5593,4.2524,4.8572,4.1393,5.177,7.134,5.6163,4.4927,5.3145,5.646,4.7516,6.1174,5.1542,5.332,5.9459,2.9735,5.5338,4.0643,4.0608,6.3044,5.7761,5.6667,5.0506,5.2412,4.4806,5.9566,4.1385,5.5718,4.6562,6.7828,4.2053,5.3449,4.659,4.9654,9.1466,4.3683
TCGA-LUAD-138,LUAD,2,4.8944,6.3496,6.014,6.4448,4.405,4.7111,3.334,9.5991,10.0597,8.9683,8.6892,9.3186,9.1392,10.287,9.1801,5.404,5.4157,4.8348,4.9691,6.4548,6.938,3.8187,4.422,4.9858,5.1699,5.8541,4.4094,5.5617,5.1748,3.1619,4.4128,4.7036,4.3873,5.7503,5.9468,6.0109,5.1281,3.3401,5.8194,4.7395,4.8311,4.1698,5.2983,5.5574,5.2843,5.423,4.2764,5.2767,10.1281,3.6303
TCGA-LUAD-139,LUAD,2,3.8858,4.9207,6.4694,4.6465,3.8001,4.1994,3.3008,9.781,9.5342,10.2037,8.8154,8.8575,10.2403,9.3741,7.847,5.205,4.5601,6.0669,5.3886,5.6686,5.8715,4.0182,5.365,4.5553,4.0572,5.6129,3.449,4.6038,5.0098,2.6603,5.8487,4.7222,3.5535,5.9017,6.1626,5.6474,4.5355,3.3535,4.9289,4.7669,2.7219,5.4097,3.3893,6.3439,4.8688,5.1857,5.186,5.5157,8.7641,4.1958
TCGA-LUAD-140,LUAD,2,4.8111,6.4485,6.48,4.848,4.0804,4.2954,3.6405,9.2088,9.5691,10.2049,7.747,9.1,8.9612,7.8781,7.7639,4.4575,5.1678,4.567,4.1841,6.073,6.8605,4.3228,4.8029,3.7342,5.3483,5.1426,4.4281,4.8016,5.0273,3.6143,5.4962,4.8275,4.2186,6.3976,6.3331,5.9057,5.2237,4.2931,6.6479,5.4486,3.6987,5.0011,4.2742,6.0228,4.9128,5.8561,4.006,5.7847,8.3354,4.1087
TCGA-LUAD-141,LUAD,2,5.1009,6.7199,6.1274,5.0528,4.3528,4.3269,3.0523,8.447,9.6305,10.2615,7.5053,11.1912,8.0544,9.1449,9.4001,4.7152,5.2028,5.083,5.5731,5.7181,6.1444,4.5213,4.4583,4.9368,5.9998,5.9241,4.5454,4.6967,4.4533,2.6774,5.87,4.2137,4.3438,6.8008,6.8251,5.9929,4.7552,3.4556,5.1902,4.828,3.8423,5.2136,5.0315,6.7594,4.6913,5.8473,4.3215,5.8762,7.546,4.8631
TCGA-LUAD-142,LUAD,2,5.2077,6.6942,4.5295,6.2362,4.3372,4.4881,3.3916,11.309,8.31,10.4005,8.1273,11.0854,10.3171,8.2605,7.8059,4.851,4.8358,5.689,5.5066,5.946,6.9899,4.7823,4.4581,4.9809,4.9415,6.0354,4.2536,5.3708,5.337,1.9632,5.4317,5.7284,3.8003,5.9626,5.7903,5.4969,5.078,4.5728,5.5024,5.4815,4.6652,5.0082,3.3087,6.4154,4.6541,5.4687,4.4527,5.5165,10.2044,4.2883
TCGA-LUAD-143,LUAD,2,4.7034,5.7823,5.9875,5.6745,4.5617,4.8621,3.6166,9.122,10.3173,9.4011,8.1344,9.7724,9.4974,6.9666,9.57,5.4181,4.622,5.7275,4.7501,6.5783,6.7808,3.6642,2.8763,4.6716,5.1429,6.3925,4.4576,5.6328,5.0763,2.8609,5.8636,3.1428,4.1496,5.8876,6.8047,5.5144,4.9284,4.6756,4.759,4.8987,4.0527,5.5625,4.4132,5.8839,4.0456,5.9766,4.6519,4.335,8.363,4.6255
TCGA-LUAD-144,LUAD,2,4.7628,6.2232,6.3913,5.044,4.1088,3.5103,4.0302,8.9879,8.5351,10.6346,8.8655,10.0702,9.5592,7.4802,8.5716,4.12,4.3416,5.2332,4.835,7.0123,7.4063,4.5794,4.554,3.793,4.5996,5.4037,4.3018,5.1146,5.6313,2.4921,5.9162,4.2192,4.2717,6.2595,6.2473,6.4194,5.072,3.5552,5.4481,4.9613,5.3443,4.9245,3.5844,6.2197,4.8178,5.4207,4.5756,5.6186,8.9983,4.2362
TCGA-LUAD-145,LUAD,2,4.8301,6.8458,5.0587,5.6935,4.1216,4.2187,4.4907,10.4478,9.5046,8.9623,7.4312,11.0778,9.7853,9.6853,7.1599,5.0582,3.7648,5.5202,5.4446,6.8664,6.5398,3.9555,4.931,4.8802,5.15,5.5472,5.2147,6.4355,5.3553,2.7217,5.3647,5.0172,4.5577,5.5544,5.818,5.2738,6.0176,4.5325,5.2075,4.6306,4.6711,5.5418,4.4747,5.7877,4.7222,5.513,4.2176,4.6809,9.6601,4.5049
TCGA-LUAD-146,LUAD,2,4.692,5.8518,4.9594,5.867,4.7275,4.1926,3.6776,9.5974,7.9956,8.9013,6.5001,11.0582,9.1963,8.1306,8.5022,4.2367,3.891,5.7049,5.3967,6.3462,6.061,3.6996,4.3692,5.2886,5.1485,4.9807,4.6414,4.7117,5.0422,3.1209,5.7194,4.9217,4.1315,6.5291,5.8313,5.6497,4.507,4.2268,4.8621,4.8558,4.9943,4.5431,3.411,5.3762,5.9002,5.69,4.5506,5.1783,9.2648,4.0865
TCGA-LUAD-147,LUAD,2,4.4802,6.4338,5.8556,5.2616,4.0425,3.8911,3.9265,9.168,10.0344,10.7152,8.0403,10.3207,9.9885,7.8858,7.4243,4.938,4.2065,5.1257,5.9703,7.0838,7.1702,4.7273,4.6148,5.3151,3.9802,5.6578,3.3961,5.212,5.1852,3.3494,5.6925,4.1121,3.94,6.2779,5.8381,5.7623,5.3285,3.8003,5.2815,4.8146,5.8475,5.3935,4.6417,6.3846,4.987,5.6943,4.8684,4.4188,10.1716,4.3525
TCGA-LUAD-148,LUAD,2,4.9276,5.8488,6.0797,5.1579,4.0942,4.54,4.9343,10.7146,9.8257,9.9954,7.1486,10.1703,10.6406,8.1285,6.8221,5.2808,3.9498,5.0939,5.037,5.857,6.1063,4.7052,5.3635,3.7487,5.0935,5.6707,4.493,4.9729,4.6581,3.325,5.9163,4.3232,3.899,5.7828,4.8316,5.9554,5.0603,4.2838,5.4621,5.035,3.8419,4.8396,3.9925,6.3488,5.2587,5.343,4.1634,5.162,10.424,3.9278
TCGA-LUAD-149,LUAD,2,4.8573,6.2123,6.244,5.2187,4.1387,3.6576,4.4015,12.3681,10.2012,9.3796,6.9101,8.985,9.5684,8.6992,7.0988,5.2085,4.8773,5.1914,4.7393,6.6849,6.7482,4.5075,5.1767,5.4536,6.0062,5.309,4.1526,5.3119,4.9138,2.0089,5.5742,4.8256,4.7811,5.9912,6.356,5.8999,4.679,3.8069,5.0337,5.3017,3.8521,4.2009,4.0598,6.7281,3.1719,5.3134,5.0234,4.2324,9.5867,3.837
TCGA-LUAD-150,LUAD,2,4.9794,6.6404,6.0246,5.4143,4.6033,5.5746,4.5475,9.9349,9.9562,9.2239,9.2123,11.2077,8.739,8.6278,7.7251,4.1881,5.1226,5.3538,5.3692,5.2687,6.4262,5.0511,5.4893,5.5136,6.1127,6.0161,4.6928,4.6747,5.013,1.9934,5.1759,3.3459,4.6836,6.2817,5.1113,5.6835,5.654,4.152,5.0061,4.0756,3.3907,5.3572,3.8587,5.825,4.3544,5.3874,4.0722,5.3022,7.5074,4.0288
TCGA-LUAD-151,LUAD,2,5.0015,6.297,5.6426,5.7801,4.358,4.1385,3.6643,9.6484,10.0158,8.2743,8.437,10.5835,8.8014,8.2112,8.2149,5.7202,4.7012,6.183,5.3972,6.1611,7.1309,4.868,4.9601,5.9648,4.7542,5.2299,4.1012,6.0075,6.0287,1.8862,4.1593,4.2722,3.6365,5.8406,5.5972,4.9737,5.6118,3.873,6.2116,4.8577,3.7031,5.3439,3.8801,5.897,4.6418,5.0514,3.8752,5.1185,9.1098,3.9559
TCGA-LUAD-152,LUAD,2,5.0081,6.4705,6.0129,5.1278,4.8899,4.4969,4.1632,8.451,8.3629,9.7805,7.7994,9.4579,9.1605,8.1303,8.5211,3.8816,4.3142,5.4245,5.65,5.8399,7.5958,4.3306,4.7608,4.7741,4.9047,5.947,4.8094,4.689,5.2087,3.8557,5.4252,4.5185,4.7267,5.8369,6.1074,6.1869,5.2896,3.0323,5.137,4.4692,4.2066,4.6281,4.4077,6.0867,5.0139,5.9341,5.0253,4.9763,9.0231,4.1762
TCGA-LUAD-153,LUAD,2,5.218,6.4685,5.9118,5.2999,5.2044,4.6931,4.2388,10.1896,8.0713,9.4468,7.5415,9.904,9.8785,8.3204,9.2869,4.9028,4.8482,4.7612,4.9621,5.949,7.2024,3.888,5.1069,4.5509,4.591,5.671,4.622,4.5276,5.0427,3.0641,6.0058,3.1108,4.4507,5.8958,5.8771,5.4379,4.4882,4.5253,5.2369,5.7976,4.5804,5.1884,3.9926,6.5954,5.2373,4.8769,4.3348,5.4615,9.9192,4.2565
TCGA-LUAD-154,LUAD,2,3.9031,6.6967,5.4456,5.1171,4.0683,4.5715,3.5634,9.796,9.2061,10.0354,9.1534,9.7058,10.7151,9.2547,8.2415,4.101,5.8722,4.935,4.5934,7.1517,6.8196,3.8977,5.7406,5.2938,5.0054,6.9279,4.8447,5.1254,6.444,3.4301,5.6442,4.182,4.1678,5.8822,6.8443,4.9738,5.3531,3.7762,5.4764,4.8207,4.0084,5.4343,4.0731,5.6667,4.6463,5.1095,4.4169,4.3955,8.2764,4.6538
TCGA-LUAD-155,LUAD,2,4.9916,6.6595,5.8098,5.2199,4.2489,4.5596,4.0222,9.7349,8.0394,10.1601,6.9684,9.8564,10.1071,7.7514,7.7326,3.8547,4.6922,4.8534,4.4298,7.1916,6.1377,4.6464,4.1982,4.2446,4.7014,6.0373,3.7535,5.275,4.8229,2.678,5.5369,5.4619,3.6876,6.4475,5.968,5.5411,5.2058,3.7931,4.9283,5.1984,5.0659,5.4644,3.3721,5.6928,5.0591,6.2481,4.8001,4.8546,9.1629,4.3694
TCGA-LUAD-156,LUAD,2,3.8412,5.8482,5.6126,5.9718,4.035,4.7493,3.0975,10.5728,9.0598,10.2809,8.9992,10.6608,8.7517,8.7612,8.8395,4.9017,4.3706,5.1028,4.2042,6.6909,5.862,4.7649,4.1114,5.3133,5.0085,5.448,5.2395,5.0969,5.1224,2.8004,4.5964,3.1116,4.7221,5.6694,6.5567,5.8016,4.0882,4.5185,5.3002,4.4297,3.7428,4.223,4.2772,5.5328,4.552,5.3667,4.215,4.3827,10.8354,4.3824
TCGA-LUAD-157,LUAD,2,4.9998,6.4937,5.0227,5.5641,5.016,3.9145,3.7681,9.8442,10.0133,9.2503,7.9287,9.6968,10.2554,9.3866,9.1115,4.3621,5.6565,5.9462,3.9581,5.8503,5.5145,4.1445,4.0371,4.3988,5.5486,4.85,4.5042,5.1932,5.2621,2.2302,4.2205,3.9704,4.9146,5.4891,6.9577,5.0751,3.9066,3.739,6.0699,4.6953,4.4412,5.1262,4.0484,6.6376,4.9551,4.8861,4.548,6.0159,9.514,3.6528
TCGA-LUAD-158,LUAD,2,4.6227,6.0829,5.1724,5.1374,4.9808,3.5387,3.3574,10.1052,9.2049,7.6885,7.8198,8.913,8.506,9.057,8.6272,4.41,4.5638,5.1734,4.0842,5.9424,6.3174,4.5775,5.5659,5.209,5.2339,6.3631,4.2874,5.9083,5.8629,2.8342,6.2986,4.5986,5.2396,6.2391,5.8434,5.3947,4.4923,3.9292,6.141,4.9538,3.4615,5.1959,4.1384,5.7662,4.7031,5.4355,5.0026,5.4316,9.8955,3.7573
TCGA-LUAD-159,LUAD,2,5.3782,5.928,6.0125,6.0994,4.8939,4.2751,3.3326,9.6896,9.3003,10.1004,8.4382,10.4041,9.8357,9.4249,8.5725,4.3607,5.2432,5.4789,4.9128,7.7616,6.2985,4.6088,5.0625,4.6622,5.2829,6.2001,4.5616,5.3676,5.356,3.2182,5.2221,4.2193,4.1534,6.6794,5.2507,5.3238,5.808,4.3525,5.3018,5.3658,3.876,4.038,4.2531,5.6351,4.62,5.6222,4.7568,4.2897,8.5443,4.629
TCGA-LUAD-160,LUAD,2,5.2149,6.7199,5.0947,5.888,4.6862,4.3398,3.7589,9.0795,10.5395,9.3976,7.9424,10.6695,8.4645,8.2023,9.0625,4.0814,5.1263,5.2497,4.2255,5.7206,6.5254,4.4806,5.0819,4.0205,5.3297,5.6682,4.4409,5.4256,6.1764,2.6597,4.6582,4.2816,4.5692,6.5301,6.4573,5.5235,3.9862,4.5096,4.8982,5.3148,4.6151,4.8555,4.0194,6.0998,4.2619,4.7667,4.6662,5.1767,9.6914,4.0157
TCGA-LUAD-161,LUAD,2,3.9697,6.7372,5.2471,5.3865,3.6654,4.3241,3.442,10.0548,8.6823,10.6527,7.5704,10.2055,10.6096,7.2141,8.5269,4.6385,4.6136,5.1178,5.1492,5.3278,7.2625,4.1822,4.7048,4.7837,5.3297,5.897,4.4143,5.8557,3.7016,2.7567,5.7967,3.4572,4.6078,6.6168,6.4053,4.9989,5.0115,4.7185,5.2192,5.1889,4.0919,5.5321,3.9189,5.7104,4.5497,4.7867,4.6165,5.3252,9.024,4.5312
TCGA-LUAD-162,LUAD,2,4.7222,6.2309,5.4581,4.8879,4.8547,4.4718,3.6016,9.898,8.8541,9.3754,8.0073,10.7004,9.6344,7.4153,8.8014,4.3674,4.6291,5.6874,4.2411,5.4212,6.6468,5.5148,5.081,5.7381,4.7862,5.4088,4.6675,5.6081,4.6475,2.7949,5.3231,4.0357,3.862,6.5091,6.3592,6.1777,4.8386,3.7783,5.7169,4.4923,4.1126,4.5713,3.7702,6.0457,4.3406,5.016,5.2547,5.0844,8.9911,3.8655
TCGA-LUAD-163,LUAD,2,4.1745,5.8875,6.4474,5.6225,4.5382,4.8153,4.5813,11.5383,8.1521,9.9403,7.3174,9.3267,9.4505,6.8771,7.1723,5.123,4.7914,5.5122,4.89,5.738,6.2983,4.8277,4.0499,5.1795,4.1524,5.7375,4.7115,4.9753,6.5395,1.8831,5.0474,4.4774,3.7656,5.3669,5.5756,6.1575,4.5177,5.0659,5.2847,5.3236,4.5239,4.8613,3.6363,5.1346,4.8459,6.0567,3.8908,4.9589,8.1954,4.6824
TCGA-LUAD-164,LUAD,2,5.044,5.6963,5.463,4.9245,3.9199,4.9806,3.7702,8.9388,9.3685,9.0321,9.3686,11.3428,9.5332,9.7386,9.1325,4.3261,4.6981,5.2441,4.8319,5.356,7.513,4.296,4.7345,5.8451,4.6617,6.0551,4.0431,5.2918,5.4041,2.9029,5.9407,4.0854,4.8515,6.8313,5.9994,5.7752,4.423,4.0622,4.9036,5.3571,3.2433,4.7408,4.0526,6.6504,4.2967,5.6715,4.6453,5.6167,8.6839,4.8218
TCGA-LUAD-165,LUAD,2,4.5977,6.4142,6.4298,5.2222,4.3569,3.9057,4.1911,8.1501,9.5424,8.9851,8.8186,11.0929,9.8306,6.9229,8.9181,3.7458,4.3684,5.0546,5.4532,5.6802,6.6952,4.3882,4.5357,4.5723,5.1116,5.1256,3.5784,6.2007,5.3554,2.8086,4.9456,4.824,3.8764,4.6945,5.8409,5.6378,4.5851,4.1154,5.1829,4.5976,4.1195,4.2667,3.0969,6.0495,4.6267,5.8972,4.558,4.5473,7.6074,3.9616
TCGA-LUAD-166,LUAD,2,5.4234,6.0054,5.7019,4.9183,3.4883,5.2374,2.9665,8.6213,9.1122,10.2437,7.3553,10.5937,10.6284,8.042,8.5415,4.8416,4.2609,5.2955,5.6627,5.1514,6.4777,4.4377,3.7467,4.5412,5.5256,5.3752,3.6971,5.6967,5.5256,2.8246,5.2874,4.8893,4.2904,6.4104,5.7781,4.8198,4.9811,4.7653,5.393,5.4122,4.1009,5.044,4.9519,5.8547,4.394,4.5226,5.0308,4.7892,9.7534,4.2492
TCGA-LUAD-167,LUAD,2,4.4135,5.9409,5.9533,4.7595,4.5946,4.0497,3.9543,8.8423,9.8624,8.4126,8.9329,9.6767,10.1802,7.154,9.1044,4.6161,5.0129,4.7776,5.2043,5.9105,7.0546,3.6862,4.7193,4.8985,5.0542,5.9274,4.7866,4.5823,5.195,2.5981,5.2024,4.8549,4.1882,5.1101,6.5441,5.7199,3.7853,4.0887,4.8711,5.3449,4.2506,4.6275,4.4811,6.2298,4.4514,4.8348,4.2645,4.7154,9.2885,3.5662
TCGA-LUAD-168,LUAD,2,4.6087,5.6612,5.082,5.2487,4.4115,5.0798,4.1894,10.7782,7.9877,8.7907,8.4124,9.7193,9.8597,8.6828,9.1482,4.988,3.5366,5.7113,4.0949,6.1312,8.0193,4.2856,4.7327,4.6509,5.337,5.9085,4.1013,5.0741,4.7441,2.9192,5.1269,4.4434,3.7882,5.9803,6.1288,5.8177,4.8073,4.1278,5.112,5.0094,4.1791,5.6017,4.651,5.3145,4.8779,5.8664,4.0128,5.4339,10.2233,3.9319
TCGA-LUAD-169,LUAD,2,4.9432,6.2096,5.1905,5.069,4.4066,3.9798,4.2635,10.1812,10.6725,9.9885,7.9172,9.6109,10.6489,8.9662,8.7231,4.4463,3.7759,5.4673,4.9933,6.7369,7.029,4.3669,4.4648,5.5674,6.0883,5.5578,4.9604,4.7779,5.0095,2.6158,5.6789,3.8377,4.9181,6.5565,6.4551,5.6316,5.0849,2.7562,5.7258,5.0484,3.3254,5.2925,4.3711,5.0736,3.9759,6.4897,4.5926,5.632,9.5652,4.6036
TCGA-LUAD-170,LUAD,2,4.4913,6.1123,5.6001,5.3839,4.4306,4.5096,3.6483,8.85,9.4741,10.299,6.3943,11.6421,10.8134,8.5129,8.6168,5.4083,4.7496,5.3523,4.6458,6.6777,7.8489,4.3635,4.6073,4.8098,6.276,5.7473,4.0242,4.8036,5.6937,2.0363,5.5619,4.0132,3.2137,5.5975,6.1382,6.4761,5.1268,4.068,5.9914,4.7899,3.5352,5.0999,3.3227,6.3962,4.9723,5.0176,4.7586,5.2122,10.1333,3.7841
TCGA-LUAD-171,LUAD,2,4.037,6.6414,6.3296,5.49,4.2455,4.4994,3.8259,11.9492,9.8638,10.1366,7.9159,9.7532,10.8977,8.5012,9.4604,3.9252,4.1315,5.3034,5.6794,6.3237,7.4127,4.0018,4.7574,4.922,4.9526,4.7055,4.1297,5.2311,5.2553,3.0183,5.715,4.2551,3.6619,6.8617,5.4467,5.4808,4.2452,4.5881,6.1638,4.8815,4.3834,5.3038,4.9777,5.1137,4.9414,5.6458,4.5003,5.3073,10.3569,4.6983
TCGA-LUAD-172,LUAD,2,5.033,5.949,5.9172,5.3724,4.15,5.1256,4.0766,11.0687,8.0755,8.8956,7.5252,8.5118,10.3898,9.0058,8.0307,3.3505,5.4195,4.9168,4.9424,6.1323,7.1621,4.6821,5.0929,3.9329,4.2962,6.313,4.0484,4.795,4.6719,2.4809,5.1619,3.9064,3.6166,6.2469,5.7206,5.4753,3.577,5.184,5.9762,4.7209,3.8189,5.0948,4.0674,5.3625,3.294,5.1945,3.9041,5.2298,9.0665,3.9201
TCGA-LUAD-173,LUAD,2,4.9156,5.6966,5.8343,5.3901,4.1909,3.7389,3.4097,10.4489,9.3101,10.3386,7.8451,9.6127,10.9077,8.3093,9.1211,3.5977,4.3312,4.4704,5.0449,5.5894,5.8138,4.1881,3.5382,4.9354,4.3745,5.3071,3.2991,5.9564,4.5719,2.8029,4.4407,3.9573,5.019,6.2363,5.7626,5.7614,4.3899,4.1687,5.8772,4.8028,4.3785,5.2076,3.9126,5.6325,4.3067,5.8071,5.077,4.5753,9.9724,4.0302
TCGA-LUAD-174,LUAD,2,5.3499,5.9278,5.1845,6.2185,3.7574,4.4211,3.7736,9.9702,9.7566,10.399,7.2664,9.6128,9.9955,8.0544,7.4026,5.3459,4.9698,5.2681,5.575,6.154,6.5418,4.2194,4.3035,4.5558,4.3745,5.2424,4.8866,5.2974,5.0518,2.5434,5.1339,3.5332,4.2064,6.5603,7.3079,5.2268,5.1221,3.8613,4.9411,4.4039,4.3389,4.624,3.7722,5.7803,4.1993,5.0513,3.4712,5.1876,8.7523,4.008
TCGA-LUAD-175,LUAD,2,5.6173,6.4052,5.0087,5.0112,4.3222,3.5986,4.1346,8.8945,7.6288,8.6341,7.1154,10.2411,10.6525,9.5127,7.7056,4.5057,4.7025,5.2192,4.8765,5.0963,7.0238,4.5056,4.0346,5.5199,4.7084,5.6735,4.9511,5.2414,5.971,2.1737,6.1822,3.9863,4.8019,4.955,5.5743,5.9275,4.4699,4.1775,5.5261,4.3729,3.7105,5.2055,3.7425,6.671,4.4733,5.8169,4.9072,4.8436,8.9514,4.9992
TCGA-LUAD-176,LUAD,2,4.2504,5.6797,5.5858,4.694,4.3886,4.2786,2.8565,9.9718,6.8182,10.202,8.2963,8.3303,9.4737,8.9385,6.7724,3.8692,4.9401,4.907,4.2069,5.4333,7.7038,4.871,4.4169,4.8499,4.7591,5.9826,4.0122,4.8597,5.531,3.6778,5.7073,4.9921,3.9869,5.776,5.1552,5.8146,4.8597,4.0649,5.117,5.59,4.5844,5.7458,3.5989,5.6464,5.1709,5.4339,4.4012,4.8944,10.1691,4.9082
TCGA-LUAD-177,LUAD,2,4.1556,5.8345,6.3671,5.3014,3.96,5.3011,3.6625,10.162,8.9022,9.6694,8.116,10.8376,10.9733,8.176,7.3656,4.1198,5.2118,4.9402,5.1803,5.8057,5.4812,4.1037,4.8222,4.4124,4.8221,5.9233,4.4756,5.6548,5.4951,2.0636,5.0978,4.3853,4.8123,5.8508,5.2581,5.9988,4.2924,3.5722,5.5147,5.4548,3.9815,5.3377,4.4166,6.3964,4.2032,4.897,4.1934,5.5396,10.5139,3.9281
TCGA-LUAD-178,LUAD,2,4.45,5.9605,6.1508,4.7171,3.4239,4.5242,4.4186,9.8619,9.4884,9.588,9.0839,9.5231,10.209,9.4847,7.8481,4.8292,4.0426,4.3947,4.8135,5.5253,7.2198,3.4406,4.7839,4.8987,4.9694,5.9456,4.5414,4.9848,6.2188,2.854,5.7226,4.9117,4.4772,7.119,6.2074,5.775,4.3454,4.0867,5.1397,5.3069,3.8123,5.1263,4.3554,6.0757,4.1214,5.807,4.6431,3.7078,8.7694,5.1072
TCGA-LUAD-179,LUAD,2,5.385,6.4164,5.6435,5.1387,4.6897,3.7922,3.6805,9.2828,9.011,8.3424,8.7858,9.4725,11.5865,7.7024,8.077,4.9912,4.4758,5.054,4.614,6.1869,6.8934,3.9841,4.3886,4.8566,3.832,5.0066,5.2743,5.2952,5.0409,1.8114,5.3084,4.8677,5.4627,7.0336,5.6809,5.5306,3.9344,3.7941,5.3989,4.7848,5.2958,4.4317,4.0531,4.9688,4.7348,4.7867,5.2371,4.9986,9.4759,3.3553
TCGA-LUAD-180,LUAD,2,5.469,6.7412,4.9605,5.0447,4.7052,4.0296,4.1805,8.6521,7.9442,8.9437,9.5188,9.724,10.2079,8.4787,8.1808,4.8125,5.049,5.0942,6.4549,6.0008,6.0334,4.4409,4.1516,5.3145,5.3663,5.6316,3.9953,5.2045,4.9827,3.021,5.6146,5.8431,3.9206,5.9358,6.047,5.723,5.1837,4.0767,6.4915,5.2595,4.0256,4.7188,4.5961,6.0148,4.5738,5.1583,4.655,4.8247,10.3868,4.7652
TCGA-LUAD-181,LUAD,2,4.5432,6.1619,5.466,5.5369,4.8761,4.6473,3.1124,9.5838,8.4268,10.2525,9.0538,10.2487,10.4802,8.9967,9.9983,4.4378,5.522,5.7533,4.6447,5.0671,6.3345,4.0156,5.4326,4.6826,4.8532,5.0294,4.6489,4.5442,5.5245,3.2172,4.9618,4.8534,4.0057,5.3519,6.897,5.3167,4.9237,4.4278,5.6999,5.1543,3.7834,5.9351,4.5538,6.238,3.9028,4.9684,5.0145,4.1423,10.2692,3.7411
TCGA-LUAD-182,LUAD,2,4.908,6.4329,5.8439,3.9595,4.7964,4.7438,3.9466,8.427,10.4344,9.3498,7.2692,9.5534,10.616,8.7062,9.3713,4.5704,4.2574,4.9038,4.8823,6.584,6.7062,5.2716,3.8976,4.1441,5.5544,6.4518,4.4558,2.8985,4.9315,3.0239,4.8869,4.4677,5.0924,6.8006,6.5288,5.7462,4.4228,4.5938,5.518,4.9982,3.4929,4.7321,4.4516,5.45,4.7022,5.6638,4.9212,5.4243,8.9641,4.0948
TCGA-LUAD-183,LUAD,2,3.901,5.5181,6.1106,4.9587,3.4688,4.0874,4.3831,9.5595,8.8163,8.2436,7.4683,8.9582,10.0278,8.966,9.4283,4.3831,4.3665,5.3831,5.0539,5.9146,6.556,3.9307,4.2098,5.2089,5.2268,6.1126,4.7568,4.6877,5.804,2.2982,5.8012,4.3126,4.2997,6.2592,6.531,4.9612,3.882,4.5507,5.6835,4.5805,4.4506,4.3854,5.7078,6.6563,4.8805,5.4954,4.3764,4.4891,9.2304,3.9768
TCGA-LUAD-184,LUAD,2,5.0534,6.0646,4.9396,4.6062,4.5698,4.692,3.6047,10.3749,8.297,10.4304,8.7543,9.0275,11.0937,7.8537,8.8456,3.9641,4.6453,4.8709,4.7619,7.817,7.0268,4.7324,4.525,5.2743,4.7313,5.8555,4.7536,4.7704,6.6822,2.7005,5.2236,4.0265,4.189,5.4795,7.0155,5.9941,4.6262,4.7379,5.1446,4.3904,4.2034,5.1532,4.3409,5.2624,4.3412,3.9158,4.0946,5.5018,9.7139,3.8357
TCGA-LUAD-185,LUAD,2,4.4797,5.913,5.6842,5.3924,4.8486,4.8242,4.3881,10.2547,9.1973,8.6342,7.3575,9.2813,10.0749,9.0354,8.0015,4.2281,4.3202,5.5573,5.1033,5.8363,6.4544,4.3451,4.4912,5.1982,5.6239,5.0438,3.8264,5.8053,5.3862,1.7484,5.8282,4.546,5.2447,5.9699,6.6787,5.0541,5.3682,4.687,6.3075,5.5236,4.219,4.5038,3.7746,5.1199,4.1089,5.6705,4.6619,5.0324,7.669,3.5205
TCGA-LUAD-186,LUAD,2,4.6895,6.6379,6.1039,5.7847,4.2122,4.6746,4.8752,9.3587,9.3928,10.2512,8.8337,11.9652,9.9666,7.9234,8.4548,4.4625,4.1323,4.8911,5.3008,6.7857,6.0458,5.092,4.0992,4.3255,4.3839,5.3967,3.9909,4.6951,4.0712,2.7878,5.4526,5.4974,4.3863,5.8393,5.524,5.7303,4.8945,3.9632,5.5358,5.917,4.0764,4.146,4.5124,6.1577,3.7148,5.6714,4.1868,5.3648,10.5802,4.3182
TCGA-LUAD-187,LUAD,2,5.4774,5.4497,5.7105,5.2015,5.0524,3.6379,5.929,9.5593,9.098,10.7953,7.0303,11.0193,8.433,7.0845,8.0208,4.3359,4.4146,4.929,5.2384,5.5013,6.9324,4.7562,4.7663,4.2812,4.9914,5.9459,4.9339,4.7536,5.024,2.3971,5.0138,4.5777,4.4404,6.613,6.0788,5.0758,5.0049,4.2945,5.5353,4.3266,4.1706,4.4926,4.3166,5.7856,4.3095,4.689,5.1993,5.0149,9.1664,4.0389
TCGA-LUAD-188,LUAD,2,4.8991,6.3726,5.486,5.4177,3.8979,3.7541,4.1353,9.1915,9.055,10.216,8.8167,9.6604,10.8624,7.9454,7.5261,4.8869,4.9811,5.1073,4.319,7.2868,8.3776,3.521,5.3445,4.5718,4.8366,5.8622,3.8365,5.1127,4.4977,2.5112,6.4535,4.0554,4.0587,6.0278,6.6176,5.9813,5.1303,3.9618,5.7221,3.2844,4.6022,4.4805,3.9119,6.3731,3.8013,6.0023,4.6236,5.8707,7.6359,3.5003
TCGA-LUAD-189,LUAD,2,5.6101,5.9048,4.6879,5.9154,4.4408,4.4843,4.5113,10.9851,9.4274,9.1134,8.0325,10.4495,9.2085,8.6365,7.9206,4.8467,4.7484,5.3453,5.6705,6.8798,6.4727,4.2656,4.5754,4.9621,5.685,5.4215,4.0956,5.7738,5.0202,2.7056,5.0407,3.5354,4.2422,6.6451,6.0934,5.0376,4.7247,3.8369,4.1956,4.9279,4.5273,5.6782,4.9541,6.326,5.0361,4.8153,5.4967,5.7778,9.1788,4.7475
TCGA-LUAD-190,LUAD,2,3.969,5.7743,5.7912,5.0242,4.7933,3.8662,3.8681,9.4634,10.0796,9.0006,7.4302,9.4093,10.6047,7.9892,9.1418,4.0954,4.5686,5.9524,4.2397,6.848,6.3679,4.2168,5.1194,3.7724,5.6935,6.6563,4.9833,4.0802,5.6854,3.1502,6.108,3.6711,4.6513,6.9853,6.1391,5.0521,5.0845,4.7418,5.4357,4.373,4.7594,4.705,4.2743,6.7796,3.7399,5.9114,4.5825,5.0538,9.7055,4.021
TCGA-LUAD-191,LUAD,2,4.988,5.9731,5.7613,4.8368,4.8735,4.9894,4.5074,9.3937,8.3974,9.5333,8.5872,12.0294,9.512,7.7307,7.8011,4.6069,4.5982,4.9596,5.584,6.3854,6.5716,3.757,4.7663,6.3073,4.5154,5.57,5.6417,4.8892,5.531,3.6413,4.8609,4.2205,3.9009,5.3286,6.9091,5.4858,4.232,3.9927,5.9697,5.0248,3.8727,5.294,4.482,5.9886,4.4519,5.9655,4.5962,5.9482,8.0549,4.0162
TCGA-LUAD-192,LUAD,2,5.7216,6.3115,5.5258,5.0663,4.7986,4.9099,3.5496,11.3454,8.8037,10.126,7.6169,10.1949,10.7981,8.1331,8.3266,4.6373,4.6123,5.4704,4.6204,7.1128,6.7682,4.6565,5.0182,5.0384,5.5901,4.5916,4.8662,6.119,4.9924,1.9641,5.9798,3.9118,3.8098,6.1725,5.7249,6.216,4.2747,4.3952,5.6476,5.8003,4.8511,4.8246,3.4434,6.4195,4.2426,5.2897,4.1559,5.4837,7.8514,4.3892
TCGA-LUAD-193,LUAD,2,4.4688,6.1228,6.0384,5.873,3.5757,4.1628,4.6083,9.9892,9.4026,10.1993,6.4746,10.1362,9.6403,10.24,7.7694,4.2485,4.6026,4.3859,4.069,6.4923,7.0815,4.6107,4.0157,5.0461,4.5083,5.9312,5.0049,5.315,6.0376,2.4612,5.2283,4.4088,3.4718,5.8861,5.9668,5.6365,4.8043,3.4747,4.9325,5.5344,3.2649,5.3976,3.8889,6.0806,5.3484,5.392,4.9985,5.1734,8.2931,4.2901
TCGA-LUAD-194,LUAD,2,5.7865,5.9225,5.1779,5.1756,4.6214,4.7884,3.9906,9.3378,7.7473,9.9704,8.3916,10.8181,9.9543,9.4294,8.857,4.9987,5.1304,4.7512,5.4316,6.3412,7.4101,4.9374,4.822,4.7547,4.4684,5.5791,4.5457,5.2701,5.4253,3.1508,5.7693,4.3441,3.7195,6.2792,7.2476,5.9391,4.5222,4.4828,5.8032,5.2607,4.9549,5.2824,4.7384,6.1156,5.3256,6.0609,5.1467,5.5387,9.9753,4.945
TCGA-LUAD-195,LUAD,2,4.3277,6.0832,6.2048,5.7403,5.4513,4.3449,3.907,8.9686,8.8521,9.3259,6.2572,11.859,8.6663,10.7166,7.1492,4.1891,4.2816,4.8341,5.3871,5.9718,7.1584,4.978,5.1964,4.3018,4.7414,5.7881,6.3032,5.5175,5.3567,2.8085,5.035,4.5064,4.6204,6.0731,5.7461,5.7395,4.5104,3.5363,5.2195,4.2719,3.6501,4.5189,4.5524,6.7451,3.8013,6.2476,4.1225,5.5176,9.7647,4.7246
TCGA-LUAD-196,LUAD,2,4.7746,5.717,5.6018,4.3517,5.0923,4.3552,4.5864,9.5241,8.3312,9.2023,7.1229,9.1196,9.2937,7.7343,8.7516,4.0345,5.2949,6.0588,4.3266,6.9495,6.1824,5.0054,4.7101,4.8023,4.631,4.9615,4.8198,5.3078,5.492,2.1833,5.2637,4.7707,4.6342,5.4983,5.8077,5.0835,4.7708,4.657,5.366,4.6369,4.1008,6.2425,4.6716,6.366,4.7293,5.4512,4.2324,4.6133,7.9449,3.9298
TCGA-LUAD-197,LUAD,2,5.1704,5.8241,6.4147,5.2046,4.2959,4.64,4.5337,9.4044,11.1858,10.6846,8.0264,10.1933,10.2099,8.4575,8.5628,3.994,4.5598,4.7383,4.7459,6.6548,6.5338,4.5127,3.8136,4.2548,5.4697,6.5614,4.55,4.9783,5.5514,1.2018,5.4512,3.8521,4.5402,4.9914,5.8102,5.758,4.2893,4.0271,5.9575,4.9561,3.8032,5.5596,4.2011,6.1467,4.1231,4.1837,4.2327,4.6402,8.8549,3.9858
TCGA-LUAD-198,LUAD,2,5.4981,5.5935,5.7573,5.5234,4.4382,5.4574,3.9774,10.0556,8.971,8.5123,7.5437,10.3125,10.044,8.6223,8.0999,5.2994,4.4841,4.8109,5.3906,6.1827,7.365,4.2221,4.5921,6.0246,5.6204,6.2382,4.7046,4.7856,5.4341,2.6676,5.4361,4.4225,3.9444,6.2243,5.8616,6.1302,3.6623,4.8943,4.8495,4.4347,4.4729,5.3594,5.1148,6.1486,4.5491,5.5532,5.481,6.3563,9.1468,4.6781
TCGA-LUAD-199,LUAD,2,4.8794,6.3697,5.8802,4.3377,4.4002,3.5568,4.1087,9.0579,8.8129,8.7784,7.6334,9.277,9.6275,6.9762,7.4138,5.0466,4.4515,4.0815,5.6766,6.5126,7.3588,4.3541,5.4731,5.4353,5.7773,6.0751,4.5007,4.9317,4.6689,3.1168,5.6293,4.2003,4.45,5.9215,6.5581,5.3374,4.1426,4.0946,5.9197,4.3889,4.7933,4.2681,3.9523,5.294,3.2644,5.6408,4.5969,4.4456,8.0207,4.6276
TCGA-LUAD-200,LUAD,2,5.4403,6.0915,5.6436,4.9708,4.8768,5.2123,4.0459,10.2181,8.4453,9.826,8.0035,9.5708,10.6513,8.4261,9.2411,3.637,4.2435,5.2714,6.0737,6.3587,6.2887,4.5815,4.5184,5.1386,4.968,5.2988,5.6137,3.6541,6.2134,2.9507,4.9638,5.3114,3.4574,6.5916,5.0831,5.2055,4.096,3.8396,5.5111,4.5553,3.2503,5.3211,4.1001,6.205,4.6553,5.9347,4.648,5.6504,8.6783,4.0473
